ecc,ratio,elong,sol,conv,isop,MID,lob,int,cont,smooth,mom,unif,entr,class
0.03406572394921456,-0.37222695710253584,-0.9718645745491926,0.7092859047464769,0.48927908528173664,1.4027182872591675,-0.8486389852704451,-0.500812761763939,-0.09902976876588626,0.06595137066687808,-0.11372419192821985,-0.13155016643101233,-0.26102978509813335,0.022209370650209614,0
0.1051699583571955,-0.352382764712415,-0.7813836275528868,0.675827483245122,0.4740454319788665,1.2312263922149609,-0.8334331664844197,-0.4997963949022997,-0.7570273671160117,-0.657718271945989,-0.6953488281916334,-0.6090647946128072,-0.7251003923351186,-0.7980230223512533,0
0.22771539007182964,-0.3343495957054703,-0.6338120981863936,0.6411460385035093,0.48927908528173664,1.2747323897496654,-0.7759278077494929,-0.4948649301013559,-1.098501110178542,-1.2955880473941825,-1.0470393386763042,-0.9471670190876658,-0.8108932418353235,-1.23143572979494,0
0.08709342547186705,-0.37781415690169606,-0.8192749987295711,0.6246352247600203,0.48927908528173664,1.3154761017266112,-0.7909986252418744,-0.4963235432203912,-0.9856418521966098,-1.1402097599291903,-0.9755712604443249,-0.9029548735825162,-0.7450026621298901,-0.9842238749743284,0
0.49593075434642503,-0.25797835431281124,-0.3540304061466579,0.6361665867395995,0.48927908528173664,1.0298557750543273,-0.7766884881156026,-0.4949410299801063,-1.2087456421983467,-1.5293699947035535,-1.1371534792913416,-1.015422308926653,-0.8442772451229845,-1.4049651982961577,0
0.04863271720521058,-0.36644709524133556,-0.8751903734930031,0.7285048413791099,0.48927908528173664,1.4436921896992598,-0.8411490096519231,-0.5003271674743434,-1.1377637683957944,-1.274673967686926,-1.0379602134159864,-0.9085542211221037,-0.8412735668964352,-1.4074652281364162,0
0.4844886936370945,-0.26483712372143553,-0.3542352243692348,0.6594040283045092,0.45872472922855184,1.0886464193419658,-0.8156337651531935,-0.49845376185163837,-0.9181156492343139,-0.8486871862812251,-0.8167338934201946,-0.6916740875363859,-0.8025159043394837,-1.0678036397024164,0
0.28829100559181325,-0.31546871362554957,-0.6223422777220998,0.7072766522803385,0.4740454319788665,1.274916542120183,-0.8371612791319752,-0.500056675753418,-0.7371175794384688,-0.6729741564969888,-0.705549192658117,-0.6547675772332253,-0.5581710909563918,-0.8439824750310708,0
0.5338145519890816,-0.2390204074080744,-0.2909975981486868,0.6835150578981757,0.48927908528173664,1.104115218465416,-0.813619130463428,-0.4982913512243307,-1.2280483901956512,-1.6205770108230115,-1.1666042103883623,-1.047909874685058,-0.8225528057703757,-1.413835167181458,0
0.8964028791729849,-0.019115929795609544,0.35638159886053306,0.6348562046964656,0.4740454319788665,0.6121061225359029,-0.7514043035233023,-0.4922380393500621,-1.2345949511508825,-1.5871492435346817,-1.1561781419258323,-1.0345225157196314,-0.8332583420770571,-1.5099664515870068,0
0.12521760254119021,-0.36509846080705555,-0.8837927388412232,0.6884071508592084,0.48927908528173664,1.3795150885739913,-0.8250163550614564,-0.49918191246363075,-1.269171151653267,-1.6998496767494091,-1.1895823333406979,-1.0629297461257083,-0.8249297505184334,-1.562295843311866,0
0.366366243373126,-0.2877639091041964,-0.40907530346413906,0.6783608885285145,0.48927908528173664,1.0985446092572688,-0.7670514726923952,-0.49394980497714275,-1.0489354849113721,-1.2881145950888193,-1.0438139557650605,-0.9668782357641873,-0.5772284311727524,-1.1389175022133258,0
1.0276500461329505,0.12252921821620415,0.6595637728296535,0.692775091002989,0.48927908528173664,0.3097279301465477,-0.8258704978616277,-0.49924587489336525,-0.6024271696534685,-0.6690539735047699,-0.7029353947684185,-0.7307371033108742,-0.34445497479070275,-0.4240459558358999,1
0.9230849955329781,0.02280733490429615,0.4581250509254957,0.6887565860707112,0.48927908528173664,0.5429108693140392,-0.8098832292797009,-0.49798473614323907,-0.9038585705057796,-1.0051275922909075,-0.9059670603732446,-0.839716296471565,-0.7055439865710702,-0.8296672356717834,1
0.8210198909703387,-0.0568391615430431,0.2709211954904162,0.7264955889129705,0.48927908528173664,0.6124744272769378,-0.8958920342245944,-0.5032038392200672,-0.6146793466858027,-0.6412650901264296,-0.6842674900631622,-0.6979166033744397,-0.43073528366306796,-0.49805368850436854,1
0.7100607476210349,-0.16615561554454353,0.004503892473808413,0.7229138779950707,0.48927908528173664,0.789721083899809,-0.8281992701769879,-0.49941868904840087,-0.5847172046703674,-0.6270713241201198,-0.6746059028775636,-0.6949277624580381,-0.43797753719230603,-0.37188779903160646,1
0.9551035351649695,0.03255603524352058,0.5259710871540186,0.6511923008342032,0.48927908528173664,0.45640529326355234,-0.8384411952428699,-0.5001443351074216,-0.786822433990097,-0.8208403691640838,-0.7998716206833096,-0.7632549358127362,-0.6097953597032684,-0.7628513696670713,1
0.8081355537010086,-0.09109447617375639,0.24793035000618469,0.6481347427335575,0.4740454319788665,0.5080139951010172,-0.8157298237659788,-0.49846146816847386,-0.5186111404095465,-0.609575335002138,-0.6626144679908409,-0.7203139935327904,-0.2551802726322102,-0.26478035621779983,1
0.631504750986389,-0.18704018306968032,-0.12576049708495557,0.7168861205966546,0.48927908528173664,0.7892607029735158,-0.866378674491021,-0.5018465641674185,-0.865681900707302,-1.0368945924002677,-0.9229603870433181,-0.8891456718801547,-0.5522983661394135,-0.7207104557158679,1
0.822029484562338,-0.054835476097827074,0.32970402536992166,0.6091727166510396,0.48927908528173664,0.5282707558579165,-0.5730701907982072,-0.46372948350681237,-0.6372623366249458,-0.7349439457680752,-0.7460739811095428,-0.7650898571348309,-0.3337308686031771,-0.42733366631076,1
1.0132753564182875,0.17612780387573432,0.7400061297466419,0.6784482473313906,0.48927908528173664,0.22220951605821584,-0.8010562216183577,-0.4972312510146502,-0.7724539718339961,-1.0099360926114127,-0.908566296714811,-0.9091406392765877,-0.30557428677315857,-0.4409297190036718,1
0.583044258570402,-0.2235689100324658,-0.24716649851727868,0.75331474139578,0.48927908528173664,1.0520921737942877,-0.8481379227767277,-0.5007811658649135,0.3188808514642741,0.1507277417793958,-0.03327163849878117,-0.27900595721170757,0.6221073231499181,0.8396848814305661,1
-0.0823259944427548,-0.47406812309688395,-0.7710915118684089,0.14800559627074472,0.3823823638193131,0.34213874735758726,-0.35691235024425666,-0.4069946156744125,1.056879596664163,1.4743205609256276,1.5374097507621087,1.8854823677028165,0.04103253918383824,0.6412236084949913,2
-0.2729949556747037,-0.475378225118756,-0.9635182319791934,0.3962793140432012,0.45872472922855184,1.0510793357564427,-0.6219562361697049,-0.47319091400157154,-0.8223259015269743,-0.5289701930833115,-0.605868114920339,-0.35928849423201176,-0.8145677570073696,-1.0762626447783588,2
-0.5142397482773062,-0.5167620360449496,-0.9349460899297474,0.1737764431190469,0.3518280077661283,0.3930568778056119,-0.3063387887022081,-0.39020447786911283,0.09302310621595107,0.6964635612873108,0.5442393604173352,1.0866295075785368,-0.6174786479025562,-0.09423037533442441,2
-0.06333601973609314,-0.45823130159719533,-0.6792305390427709,0.3328568231555149,0.4740454319788665,0.7424399627695002,-0.4650431940957104,-0.43841326941265985,-0.5502161879815902,-0.18374304356657387,-0.3359334164229233,-0.11662487856366538,-0.6983922612109477,-0.7537074249088664,2
-0.24501479041071145,-0.49965364493579695,-0.6613601491229562,-0.00530910277593466,0.45872472922855184,0.34287535683965603,-0.23406117302815116,-0.3639163045640855,0.1715205767935645,0.6715520536027672,0.5156259183379058,0.8278488510192152,-0.46864105293629166,-0.04474348329095474,2
-1.0502858697438306,-0.5524045175223511,-1.1153909440197964,0.10214222476105468,0.4740454319788665,0.5020750811518352,-0.40403299408348564,-0.42143721671370427,0.09157512165758441,0.6810145642736402,0.5263286562149444,0.9795609025985834,-0.52367753728829,-0.19097810545400992,2
-0.5376046285493005,-0.5300557183257102,-0.8661783716996293,0.0062222592036444944,0.45872472922855184,0.6626559482428936,-0.14096220398822001,-0.32603975731770685,0.30919049326597325,0.7642460356847909,0.6228717203302707,0.8842206607083072,-0.3657871254104777,0.11655981188187609,2
-0.7397156504905799,-0.5384943166430626,-0.822244862956933,-0.11616742362507146,0.4740454319788665,0.41179438150574404,-0.11354655666357767,-0.31402753595040417,-0.6961006322370412,-0.36005472198509003,-0.4792190500420504,-0.241607612327367,-0.7780245527410892,-0.9176819848425214,2
-0.16251657117873308,-0.49206275969142066,-0.709082794983321,0.10685960011633697,0.4740454319788665,0.36888687917522045,-0.18187798067726946,-0.3432344767568691,0.19644261871160776,0.8505673064986756,0.7253850191797279,1.3162784235602738,-0.5384638049104844,-0.13892268960205598,2
-0.5968341192799513,-0.5225804303185578,-0.9618284816429359,0.14328822091546242,0.4740454319788665,0.5789126577501655,-0.3269005241956898,-0.3971979603973099,-0.2588371414671715,0.43807908623366926,0.2579593241417213,0.936998294611853,-0.748698068417886,-0.565794223080135,2
-1.5650343740076937,-0.5090555535633493,-1.7462822741115944,0.5582425345745645,0.42817037317536705,0.934280694755865,-0.6450362650253934,-0.4772261341545492,0.6047185724572507,0.24419417371210284,0.058247691510996805,-0.3533675625431909,1.212954506910258,1.2443129987271688,3
-0.4795289590666488,-0.42786776061969,-1.178526161129056,0.5709969197944023,0.4740454319788665,1.139334359326844,-0.7448022210283625,-0.49147800385216295,-0.1149019071941373,-0.11460878193039774,-0.2765223000442607,-0.4110257088292153,0.1268718133861538,0.06810032936180052,3
0.069401499669205,-0.35962685824511936,-0.5401589659132097,0.35836559359519055,0.48927908528173664,0.4343530468941096,-0.5804433383741527,-0.4652360684481485,-0.36849412590656183,-0.6246574183367337,-0.6729677287127107,-0.7851226579605853,0.20091921325240203,0.2951578340318367,3
-0.3761658056000098,-0.43919628986764253,-1.0148764012902942,0.25405918296172303,0.3060399984100734,0.5691986202053794,-0.5031810595501608,-0.44804134900898623,-0.5694298292368414,-0.8173450335897408,-0.797738353881968,-0.8436698898356657,-0.20529693021447742,0.12546402775128943,3
-0.3812137735600084,-0.43295403905754626,-1.1654177948841489,0.5798201588848375,0.45872472922855184,1.1076601515978737,-0.7316395948980654,-0.48989435574247203,-0.8613657928890934,-1.138587615242755,-0.9747703752970635,-0.9515538052174981,-0.42453758593131613,-0.5144751173866134,3
0.10848719444519447,-0.3419019485374386,-0.6437457819813623,0.4522763066864604,0.4434910759256817,0.6935475083971655,-0.6345217411934992,-0.4754209294358383,-0.8539587949559097,-1.1643295065167836,-0.9872641835943409,-0.9709320877159899,-0.27646599854987475,-0.489320707555521,3
-1.5719092256103584,-0.5053949743845891,-1.7582129355766853,0.5232116546214481,0.48927908528173664,1.2100488696054752,-0.6641960640079558,-0.4803626051065891,-0.7222478918583178,-0.894570707411827,-0.8438547768160916,-0.8319226100313282,-0.5329624777103901,-0.22265656575865292,3
-0.9119234717545339,-0.45850102848405133,-1.4399766222481796,0.6046300589015077,0.48927908528173664,1.3617904229117046,-0.7975020529453051,-0.4969164479719208,-0.0781175302402432,-0.29207913512493927,-0.4253413219535575,-0.5952745096251064,0.2348324581441227,0.6550936370608079,3
0.7624153867490208,-0.24298924588609855,0.6029315342872036,-0.5672009228717962,-0.9310196992304034,-0.7106143167970095,0.16144069377450115,-0.17190378771208495,-0.16368784846834034,0.019411267163195356,-0.15689918213967444,-0.14543503499201677,-0.3686190322392182,-0.04320236900586416,4
0.7735209162610179,-0.27134910141838775,0.35684243986133074,-0.6143746764246211,-0.2285306583494907,-0.5327691649699571,0.08404860601431303,-0.2158875910505806,-0.4332914348934744,-0.4647216767527085,-0.5589289645167559,-0.5994172701358149,-0.2999104731156774,-0.11546350548456347,4
0.6999648117010376,-0.21574683031364147,0.5459920684108883,-0.6964919511276852,-0.7782479189644804,-0.9228959619107909,0.2506713565157849,-0.1173334316208501,-0.32937069697376775,-0.17061139610495382,-0.32472102436126393,-0.31914722572185966,-0.43263869644959846,-0.255191200666124,4
1.0425535705862798,-0.009675488755649263,1.1062211117137337,-0.7532751729968251,-0.6866719002523716,-0.9062301723789781,1.1214037387328097,0.632548993847511,-0.0730774301428512,-0.07772430156025892,-0.24434127867248523,-0.3649824253449032,-0.03496469817105101,0.24943811024081144,4
0.9947180646796258,-0.0840815771155002,0.7273073999468885,-0.6974528979593163,-0.4270033985240241,-0.805913168539696,0.01732681280945432,-0.25128848401356174,0.24043907260044386,0.4726462170517576,0.29509127187838535,0.3021722673111021,-0.23965120977624788,0.3259801197336516,4
0.9114506312823145,-0.12573511492854983,0.9308455086324573,-0.8336452716423783,-0.793568621714795,-1.0167215946893395,0.2576031537086633,-0.1129119323364941,-0.33137559866996774,-0.37395881929739355,-0.4900674034004091,-0.5743904566396174,-0.21718165395476557,-0.004160807116898793,4
0.8416925216636664,-0.1505885209317109,0.693768415999958,-0.7629720001160172,-0.9462533525332735,-0.8197245963284912,0.32738843780775273,-0.06710751164561654,-0.265603684691847,-0.08062098850032239,-0.24681674185492958,-0.21319470690689182,-0.5019972014026862,-0.1137511562789069,4
1.039765169236947,-0.019424189094873524,0.8089786661993366,-0.5225605746023648,-0.3354273798119152,-0.7419662578775743,0.050168473667098805,-0.23415156195066553,-0.08073504078806014,-0.09626309797666374,-0.2605774048396933,-0.4046318592738753,0.08673765841162612,0.1655329991636489,4
0.7781842771383496,-0.2567067847033471,0.6450728835823538,-0.4739890802035309,-0.6103295348431319,-0.8641053176231529,0.37466485237041725,-0.03462538618407304,0.2696493764798041,0.5284557187636428,0.35559450436694984,0.40738703425429984,-0.3176214969708334,0.37306972288920226,4
0.6845324525090415,-0.2684977029001956,0.5677540045596597,-0.40724695480657236,-0.44232410127433874,-0.9615219216267882,0.3491184537270004,-0.05233064911358577,0.36426959819769344,0.7495694885218036,0.6056890935344813,0.8060946291593307,-0.3446870983012552,0.2939591895878774,4
0.4943442501304252,-0.29843738734121283,0.43692636488880987,-0.5174064052327046,-0.7630142656616102,-0.9699008544853238,0.29748045890814295,-0.08704760645741813,0.7778919564665369,1.1813689550538977,1.1407531796457442,1.436777895949373,-0.260449476321752,0.6422510180183854,4
0.4879501573810938,-0.3224045478589898,0.4543871183634714,-0.4747753094294116,-0.5950088320928172,-1.0045215001425705,0.4863784228608866,0.046734053806495195,0.4982360157035103,0.7464796891190696,0.6021215142421351,0.6363738652229101,-0.1529298662338329,0.5239276879075292,4
-1.2325415510424487,-0.5339860243913264,1.0678688995362517,-2.3291406180697822,-4.076986729891641,-1.5231406136118286,2.8894274115126066,3.3689657731656175,-1.125790049932377,-1.3718867813954485,-1.0787616712819208,-0.9557268324716638,-0.8301409233303371,-1.0798757016022937,5
-1.019276923703839,-0.5339860243913264,0.5593564574340163,-1.4668218748847304,-3.0232531685702724,-1.1710412811828108,2.482346587601251,2.5948662470417636,-1.0172190539117618,-1.1102193944764018,-0.960711200575593,-0.8614705183314495,-0.8108143198417357,-1.0984546904836654,5
-1.1661968292824665,-0.4734516044983559,0.8687855871917253,-1.2275461138084605,-3.2828346208511743,-1.3455716903405521,1.8205806308729064,1.520413022255121,-0.7604802533705787,-0.84799198141561,-0.816311608524366,-0.7749265487584308,-0.6516704410069399,-0.4376933790049811,5
-0.9250481884505305,-0.5388025759423265,0.014642394491353645,-1.154426795801583,-0.8851446404269039,-0.8903470304218639,1.9999765806960867,1.7890744929320035,-0.7224985045703429,-0.8204927667312764,-0.7996604782353953,-0.7811690645964846,-0.6157377215734126,-0.37437070537980827,5
-1.0106232643438413,-0.47530116029393993,0.9852759512822084,-1.5934921390543506,-3.298155323601489,-1.478483663761391,1.9548030708998012,1.7199102993335804,-0.8399801747962922,-0.854113646482277,-0.8199811186536364,-0.7368850355756241,-0.7460332905167433,-0.7361215985667754,5
-0.3855886791253404,-0.4654368627174916,0.47553459984451274,-1.1687536394731812,-2.809459725645424,-1.3345685862021455,2.259594453088533,2.2075274970985066,-0.7214403620084595,-0.5468910296191694,-0.6186968388246531,-0.4742264525108449,-0.7791387455917411,-0.7032444938181727,5
-0.0066545509281078375,-0.4666698999145476,0.9177883469431941,-1.2965595680801851,-2.4123401464014687,-1.2485233910779516,1.596089056615158,1.2075365587346787,-0.838977723948192,-0.9913200512099394,-0.8984533015371197,-0.8638351076640457,-0.6097953597032684,-0.6233120328981329,5
-1.1620142272584675,-0.5151822071362216,0.0830516808319627,-0.7654180465965336,-1.0837044300488818,-0.8917742112933726,2.0282749287868636,1.8330968278546766,-1.2387885371987677,-1.5924791475043982,-1.1578745622832134,-1.0313539660139526,-0.8654004845832622,-1.4628768484314567,5
0.6202069179330583,-0.28479691334878027,0.10773227665245207,-0.7819288603400225,0.22969763300083468,-0.7295820109602882,-0.049862292565710724,-0.28461830432700785,-0.3480831128049689,-0.1030220341701447,-0.2665476395738235,-0.035056004946429,-0.6468422719874478,0.11005288490038218,6
0.5658330916210731,-0.33785604523459845,0.10000038875018259,-1.198455632450885,0.0616921994320406,-1.1646880243999649,0.05834643664746093,-0.22980712583466437,-0.7850959908628136,-0.7086613395985679,-0.7290660928913374,-0.5881239914833357,-0.768129127486236,-0.6074214322696417,6
0.5927555874077323,-0.24152501421459457,0.16564462908600605,-0.5250066210828812,0.19914327694764988,-0.16971276649516168,0.030229821067359004,-0.2446225199508725,0.09207634708163437,0.3780211103430246,0.1947622052487322,0.44221270594477574,-0.5210545416190467,0.5691337069368579,6
0.5104015958317543,-0.29920803558937287,-0.10917022105624521,-0.15687662576510125,0.42817037317536705,0.18473450865795146,-0.39442713280496505,-0.41858684277418157,-0.47066057484209334,-0.4506244669777341,-0.5483864036691698,-0.5404349538235368,-0.5155300020678971,-0.09919618803082775,6
0.6971283344663712,-0.24722781125097879,0.2165931619519536,-0.23331557828125196,0.22969763300083468,-0.020917651117208412,-0.20223202187283723,-0.3514706028747871,-0.6533572419083301,-0.6115643933676479,-0.6639759727411852,-0.5239963287833285,-0.6181750184342137,-0.2851573117651108,6
0.604678406970396,-0.26911422149872366,-0.07977880611649249,0.2037405125053773,0.48927908528173664,0.42252125708837474,-0.587686677013902,-0.46668581930282294,-0.7328571633340435,-0.9050760253811231,-0.849963346257476,-0.7231325840172449,-0.21130892913778726,0.04669596429109583,6
0.7296757088370295,-0.1442306728843906,0.20292154559496092,0.38894117460165023,0.48927908528173664,0.32722240534568836,-0.14729688007459574,-0.3287658668982575,-0.04567710696144947,0.19050890908959728,0.005243656310425399,0.1445960341868954,-0.5243506954688922,0.4092002911285517,6
0.7019839988850369,-0.16966206507367163,0.0690728371411047,0.5939722849506844,0.4434910759256817,0.6518830345676334,-0.7282022542675894,-0.48946569186849853,-0.8396738703704838,-0.9769331727409587,-0.8905609424495621,-0.8437644734089697,-0.5393226618995286,-0.6517541532040854,6
0.49939221809042383,-0.30753103666950127,-0.20062155743672974,-0.405237702340433,0.3518280077661283,-0.12657507370149151,-0.44902477136909646,-0.4341430065962001,-0.9091214374583049,-0.9456296425420085,-0.8731089270133301,-0.6764650489491275,-0.6947757769165396,-0.6795113338277753,6
0.5913133108477329,-0.22464781757988989,0.028416419959635335,0.08065195925365681,0.2754856423568886,0.340803642671337,-0.2235466491962571,-0.35986085532941475,-0.3637603302349783,-0.17254252073166268,-0.3264684101371069,-0.19692633229863035,-0.6073348504914119,-0.07556576899276962,6
1.2748081726315512,1.3946382814539673,1.6506279473225312,0.6300514705383081,0.3823823638193131,-0.9933802817262756,-0.3666999440334518,-0.410083885435835,-0.40422036029857245,-0.34615062467278646,-0.46829788894303165,-0.4988181815698447,-0.3833820875103574,-0.2468006895584079,7
1.2740870343515514,1.380496886100231,1.651447220212838,0.5334326345578934,0.48927908528173664,-1.0871598764121948,-0.3291332378982649,-0.3979396933927248,-0.5860538058011675,-0.5298971329041315,-0.6065306653603462,-0.5948205084732481,-0.47309782433889963,-0.534903443410094,7
1.2916828083835468,1.6136565135810481,1.718013142550257,0.563047268732722,0.29071929565975874,-1.1696601384039311,-0.21581003659896222,-0.35684575886753367,-0.5186111404095465,-0.4191471355623801,-0.524796695695289,-0.4897570752473363,-0.5943823586025823,-0.3643534625267184,7
1.2663468168128869,1.3064761218644598,1.6130438034797114,0.5305497940629991,0.48927908528173664,-1.0287835749582206,-0.5886213013545148,-0.46687462406529223,-0.8929708404611373,-0.9929228846501077,-0.8993342751991071,-0.8440671408435418,-0.6716284204442441,-0.8537771124874252,7
1.27913500231155,1.382038182596551,1.664555586457745,0.4901900271344711,0.21437693025051904,-1.14074821623272,-0.3203841155986395,-0.39500166009919846,-0.8387271112361671,-0.8432414148339064,-0.8134648258645552,-0.7511293217151832,-0.686103642562298,-0.880558254063891,7
1.284086818500882,1.483571089291635,1.6768446798123453,0.5826156405768567,0.48927908528173664,-1.097334294883274,-0.3666739822462126,-0.410077142408604,-0.709717256257067,-0.6703671382509319,-0.703816368430406,-0.6499438149947292,-0.6716260992091385,-0.6017706798909755,7
1.285144487978215,1.5710011330453906,1.7076698223101348,0.5617368866895881,0.48927908528173664,-1.1152431129160782,-0.3969194643799326,-0.41932472261117865,-0.25680439391407966,-0.11808480625847363,-0.2796530328926462,-0.29243682462085363,-0.42959787846136066,-0.11066892770872537,7
1.268029472799553,1.3223129433641485,1.6114564622547427,0.4431036323845224,0.3518280077661283,-0.966309883260237,0.07319657894830875,-0.22180218922181064,-0.3370283076189765,-0.16056954804606777,-0.3162025187040292,-0.2914153220291721,-0.44700714175279843,-0.27745174033965714,7
1.2815868724635495,1.4207247246541845,1.7082330724222203,0.42440884856914457,-0.41176974522115395,-1.0653838585985278,-0.4653287737553421,-0.438491295870619,-0.6226432617568198,-0.5579563737302108,-0.6265455132678146,-0.6006279398741041,-0.5639973910712597,-0.5776436795832772,7
1.2795196093942165,1.4396056067341054,1.667525450685107,0.6483094603393079,0.42817037317536705,-0.9905719580758873,-0.6639883697100418,-0.4803317798392472,-0.008307967012830328,0.2067303559539516,0.02118855151499294,0.01700279380000757,-0.17275321403501656,0.005770818275908265,7
1.2902886077088804,1.8117131133581765,1.7764375405402526,0.547497401820865,0.4434910759256817,-1.2049253173579881,-0.40623974599882134,-0.4220797308798624,-0.7514303498807864,-0.7227585493735423,-0.7382180258923152,-0.6852045711224029,-0.6715077162187568,-0.7243748830159724,7
-1.1617257719464675,-0.475609419593204,-0.8397568209872385,-0.0032998503097952945,0.45872472922855184,-0.08403587611200229,-0.18636936986965885,-0.345083992797384,0.8677505366559508,0.9449993007447376,0.8404212494227261,0.6388519548434708,0.6766099234276457,0.7413960370258895,8
-0.8675013537065461,-0.44782755024703486,-0.9774970756700514,0.12031285575917931,0.26016493960657394,0.47979264431924534,-0.06388165767490278,-0.29127463549365273,0.26789508749562896,0.5157102962273646,0.34161541816020563,0.3236994885950573,0.12141691088816992,0.15662878329423555,8
-0.824617663989224,-0.4496385736302109,-1.0385841105535443,0.26148468120614926,0.4740454319788665,0.3030984448079261,-0.5031031741884431,-0.4480268996649197,-0.21333701130618518,0.009948756492321737,-0.16549049553756925,-0.15587706148476135,0.08631983609263158,-0.3706549076035339,8
-0.6272661546959429,-0.4304108998386182,-0.5750804728625327,-0.12289405144649215,0.3518280077661283,-0.42108075225123354,0.27421869754177974,-0.10224831641540018,1.7691487700961503,1.3049609311632633,1.3048618270936674,0.6159438133892796,2.6814374717185547,1.605789916041231,8
-0.34530108721601804,-0.40390060010191314,-0.5127645286435798,-0.05798646090992156,0.1685889208944651,-0.10272734171950486,-0.27539233831302856,-0.3792904066508659,0.19318465345528257,0.4981370621243139,0.32246698236659266,0.3592629121573032,-0.05330245550469878,0.036593103977723154,8
-0.8632706757972134,-0.44863673090760287,-0.7365284368085951,-0.13844391835834907,0.29071929565975874,0.05338783038650975,-0.23901987439084688,-0.3658043521887778,0.005782036574353895,0.3480886786290378,0.16360049224619858,0.2879847313155253,-0.4263713616646809,-0.034126918215885205,8
-1.389172785458407,-0.4460935916886748,-0.6455379414289083,-0.44332614039419505,0.19914327694764988,-0.31855391996574406,0.39094289296942347,-0.02317187278734255,0.4550470916645326,0.723113081135893,0.574891419235248,0.6008861085193072,0.10126859017221268,0.33728162449098364,8
-1.2209071867917853,-0.47036901150571575,-1.2432999240189289,0.35094009535076437,0.48927908528173664,0.6203929792091801,-0.623669714127495,-0.4735010932541996,-0.7522378797306448,-0.3955874151165324,-0.5067403760115778,-0.2296900820910825,-0.7913461210116973,-1.0242585994025746,8
-1.1209093452984784,-0.47152498387795583,-0.7007364524133215,-0.02225671053380064,0.4434910759256817,0.04063527872818866,-0.13405636858258088,-0.32305355954395876,1.3190483392992214,1.1439051372957465,1.0921176088847802,0.6812443123982543,1.3216811592530502,1.2657173637978736,8
-1.244560522375779,-0.4702148818560838,-0.9426267732763726,0.003776212723128145,0.48927908528173664,0.1475817679060924,-0.26698071924751327,-0.37622714570876303,1.1363795180898764,1.119186742073874,1.0600822029943253,0.7847187415926615,1.2126063216444294,0.9468779417046554,8
0.05291147099987585,-0.35130385716499096,-0.2519797267478305,-0.27297647478677445,0.24493128630370384,-0.20594474539443428,-0.07932892108225328,-0.29848004173482545,-0.6228103368981699,-0.4369134821281014,-0.538047704495432,-0.44299495660591504,-0.6655282145869243,-0.6778674785903452,8
-0.9811527466345159,-0.44312659593325865,-0.968894710321831,0.14538483218447604,0.4434910759256817,0.4094464387816488,-0.34959112624278965,-0.40464418903959143,-0.10707722140757837,-0.04354339566751275,-0.21390764307655272,-0.3243871556828926,0.4229917757979813,-0.06751772772618476,8
-0.5840459337812881,-0.41858144922936164,-0.8024799044782839,0.2822760762905426,0.4740454319788665,0.5213650419635192,-0.45502194422136205,-0.43575459010441964,-0.16764196014695734,0.13199583290031963,-0.051255150441832244,0.010211693236791585,-0.07897531577180548,-0.38666537267642104,8
-0.8112044919812272,-0.4462477213383068,-0.5987369775701382,-0.17827953246962294,0.45872472922855184,-0.167180671400549,-0.17572503710156853,-0.34071065799324973,0.2970775455180975,0.4185747275039104,0.23735473353490583,0.08338154554464647,0.6737315918967947,0.1768345039209809,8
-1.3001843217064308,-0.5020041220926851,-0.6614625582342446,0.02797460111966991,0.26016493960657394,0.06775171528685678,0.27167444239233374,-0.10387627584689513,1.7404675374977319,1.1885141161727206,1.1501453781909003,0.43731327684763677,2.044954805783593,1.8486010334033056,9
-1.2143207905011202,-0.48266085106386825,-0.7490223483857724,0.0983857962374035,0.29071929565975874,0.2242812302265349,0.36321570419791027,-0.04260142410879369,2.4029204729505245,1.21246006154391,1.1815983221560746,0.04462119720473054,5.9158464677571265,2.384395099853187,9
-0.7991855206478974,-0.46100563529057137,-0.6072369338070701,0.059074334943382774,0.24493128630370384,-0.09255292324842607,0.2330952265548164,-0.12840162917580664,0.8857111143510771,0.9677865713399015,0.8685978450581949,0.6676999447011437,0.8329683201358115,0.7158820338616096,9
-1.913921073871601,-0.48628289783022044,-0.9844096906820139,0.12118644378793522,0.2754856423568886,0.25761280929016067,0.22297012953151096,-0.13471117608485497,0.7092797650854655,0.4187678399665809,0.23742754127556603,-0.21003561555854328,2.3720168321520694,0.8771853290344408,9
-0.3640026066106795,-0.4123777308316734,-0.44440644685861497,0.09096029799297731,0.1838225741973352,-0.38484877335196094,0.4690359489850714,0.0336911125624472,1.9200733144489937,1.2929879584776682,1.2889169318891,0.47363336899631336,3.3111885558474943,1.7997990810420985,9
-0.7696188511679053,-0.4223190932329378,-0.8743198960470523,0.2240077547725165,0.2754856423568886,0.21894081148153438,0.42108452795418655,-0.0016038185440460696,2.7206417000844607,2.5277490447952946,3.17289002921051,3.3827403331026926,0.4869650153062511,2.1410702777294155,9
-1.0514877668771634,-0.4586551581336833,-1.089379029752559,0.3547838826772907,0.32127365171294353,0.6586506341841429,0.31297964588997196,-0.07676930637809817,1.2504361479181505,2.0432298759540486,2.3816883114569256,3.7737488251407902,-0.2736340917211342,0.4857423006213919,9
-2.3530462105061507,-0.5050867150853252,-1.325176008493954,0.33067285308362515,0.26016493960657394,0.3552596037569427,0.08768325622780732,-0.21389358156940044,1.6212872700013907,2.1469312684083133,2.5457969589048486,3.452732177347538,0.08427714919976949,0.8598906020573114,9
-1.2447528259171121,-0.502312381391949,-1.4578470121679943,0.449830260205944,0.2754856423568886,0.8337795385460653,0.02444034251300743,-0.24762798351670923,1.8429402908590713,1.851469200521862,2.0865985385614363,2.010143517317285,0.6045355734010935,1.4109245764375347,9
-0.8207715931625582,-0.44825140678352293,-1.028855244981152,0.3034169065864377,0.4129367198724979,0.28574208388667377,0.10889403640227012,-0.20210291681111778,2.7994454750878823,2.6256570633694323,3.3404206404694587,3.3789569901705385,1.0579656389143521,1.7814769445415752,9
-1.914257605068934,-0.5115216279574615,-1.2453481062446956,0.4376873866062356,0.42817037317536705,0.777244760797264,0.43915393187270085,0.01155471745253412,1.6240718556905578,1.7483471454556108,1.9324645515839503,1.9530150390417622,0.5216442677827949,1.1687983987577224,9
-1.606764242477016,-0.5367988904971105,-1.436187485130511,0.4158476858873359,0.26016493960657394,0.6437803302648737,0.3501569252165703,-0.051598549014215296,2.3469503005982704,2.373452187121259,2.9139857034231036,3.040347797742771,1.1168089488394117,1.3922599700958802,9
-1.7239251750343183,-0.5328685844314943,-1.2884623420970855,0.3063871058842082,0.19914327694764988,0.2844530172930526,0.3186912390826057,-0.0729546795445361,3.8795862639157024,3.0178684750539957,4.034933678626397,3.3855778403018078,2.00294045037359,2.5647054712088044,9
-0.9970177887945115,-0.5119454844939495,0.7296628095065198,-2.855914199409653,-3.053807524623457,-1.669173443432023,1.9348124947255825,1.6893740188729955,-0.9842217134951347,-1.2223404903031168,-1.0144942786012279,-0.9551252809454513,-0.6601197367910511,-0.876431492478259,10
-0.8217331108692245,-0.5121381465559894,0.6455337245831516,-2.952096241375689,-2.9926988125170877,-1.7209202595473756,2.4265287450368755,2.495358430903643,-0.8385878819517086,-0.8653914143022565,-0.8266939923425,-0.7595850931685469,-0.7272521772779403,-0.7588102255417224,10
-1.3730673638717446,-0.5183418649536777,0.8936197966791469,-3.321187183525101,-3.496628063776022,-1.7368954776897485,2.603068898263739,2.815074250615573,-0.8409269339306088,-0.9913007399636723,-0.8984533015371197,-0.8678454511721286,-0.5187100941624665,-0.6980731992170905,10
-1.609793023253015,-0.5296703942016301,0.597350237721989,-3.423833776903932,-3.069041177926326,-1.8147458923259239,2.2216902437192356,2.1442393700871363,-0.5004834875730704,-0.49490515466816765,-0.5811571677402924,-0.594082756601478,-0.4014877213334526,-0.2759106260545662,10
-2.1743481447221984,-0.5042390020123492,0.44814016257488287,-3.154943381652833,-1.4808240092928378,-1.5106182524166545,3.0166401689849054,3.628283334679481,-0.9300893676977313,-1.025134043423611,-0.9167062021206133,-0.8441617244168458,-0.7305970770650019,-0.90737364262447,10
-2.2845861497915023,-0.5368374229095185,0.4677515073865993,-2.9607447628603736,-1.2974978729737299,-1.442619989603153,2.281402354369498,2.2446141468692486,-0.382918279776446,0.04760568671314406,-0.13076120324268936,0.12471456707842699,-0.6481885883486523,-0.5642702322871009,10
-1.5813801750210228,-0.5214244579463179,0.8601320172878609,-3.4467217832573387,-2.4582152052049677,-1.7385068109317745,2.686406235301714,2.9721867850988986,-0.6323336199551204,-0.6836146531901544,-0.7126115435021492,-0.7207301612553272,-0.4103548394365582,-0.4483099440800508,10
-1.517535399298373,-0.5177638787675577,0.7436416531973778,-3.283186104274215,-2.25965541558299,-1.6303633313455084,2.409913201203759,2.465881769007936,-0.6206662059175114,-0.5348987456873073,-0.6101128062008243,-0.5741256226343666,-0.6051993141943289,-0.5801437094235357,10
-1.0236999051545042,-0.5060114929831172,0.8104123937573735,-3.2665005729249748,-1.6640630961645009,-1.6726263003792217,2.407057404607442,2.4611616499462055,-1.0043264221709194,-1.2927492941929208,-1.045816168633214,-0.9835268363371301,-0.6438943034034311,-0.8386056985253098,10
-1.1740331985917976,-0.5296703942016301,0.9112341638207409,-3.327127582120642,-3.893747643019978,-1.7950415886805762,2.4021246650319856,2.452395714545848,-0.7621231589271872,-0.7789156535182352,-0.773966626556437,-0.7270105105227026,-0.6369073857358007,-0.6654871938334497,10
-0.9424516589411928,-0.5119069520815415,0.8089786661993366,-3.119999860502593,-2.7331173602361845,-1.7478985818281554,2.580482143365596,2.7732674817831,-0.6937058885443578,-0.7481721494610307,-0.7545488021223814,-0.7170224851818165,-0.5139051374940297,-0.4409297190036718,10
-1.7078197534476558,-0.52369787027839,0.8386773084729543,-3.614363325975616,-2.229101059529805,-1.795732160070016,2.257517510109393,2.2039633255620976,-0.37537205255880407,-0.1470516756591061,-0.30469889567972935,-0.24217511376719014,-0.4882090648758676,-0.4105012736191578,10
-0.950624559447857,-0.5090555535633493,1.0042216368705503,-3.4714443244711335,-2.5651119266673916,-1.7956400838847573,2.4553463288724373,2.546509108899134,-0.7203265277327927,-0.7448506151030915,-0.7524228160951058,-0.7090774650242935,-0.5541321418727783,-0.5728491018074393,10
-1.6241196370823447,-0.5393420297160386,0.9029390258063859,-3.6574312157932876,-2.672008648129816,-1.8396064623457553,2.1074583798665594,1.9580354895498782,-0.6501828142226799,-0.6029515775325265,-0.6580348611033189,-0.6183150680819232,-0.6094007497353292,-0.5354342716638474,10
-2.156800446575536,-0.5179565408295976,0.8550627662790881,-3.5790703696138735,-3.5425031225795216,-1.8431513954782126,2.357470390980484,2.3743692565866246,-0.8187616318448407,-0.9974803387691406,-0.9018097383815515,-0.8680157016040756,-0.3868175154665345,-0.6140653471875885,10
-1.3030207989410967,-0.550400832077135,0.5957116919413757,-2.9074558931062575,-1.1600467954581215,-1.7004793464199586,1.9161200079133263,1.6614386203443847,-0.6693407637641479,-0.6883652197718583,-0.7157495571246005,-0.6912768365285097,-0.4915748557788789,-0.5182080386549442,10
0.7878956059756804,0.013983412462863824,0.5127091072421792,-0.40235486184553865,0.3365943544632582,-0.5835491811400939,0.4456703404697511,0.016342266786575403,0.3771343840816444,0.4255267761600622,0.24478112308223848,0.1532409727868669,-0.035243246383714,0.8278696719115368,11
0.9419788184689729,0.059991112878017575,0.5963773511647498,0.398463284115091,0.48927908528173664,-0.15484246257589218,-0.33596118794218627,-0.4002034239631467,0.4371143598262983,0.545835840404022,0.3745245169385825,0.3108172059110736,-0.16985167015311026,0.786773290975784,11
0.5230936295597508,-0.1754804593472799,-0.023504999463551522,0.32883831822323717,0.4740454319788665,0.12976502605854695,-0.30688398623423224,-0.3903971357899998,0.8007534049745964,0.8185106376953092,0.6870881475925016,0.515874392833811,0.09117121746317888,1.0979071416435484,11
0.7633288285703539,0.01278890767821565,0.4875676704208921,-0.22248308672467734,0.4129367198724979,-0.3390869092784196,0.5101334581847956,0.06487279705800363,0.6996172527440566,0.7561353122526138,0.6134067140444546,0.5335426043269691,-0.10153772099750875,1.1535584908273806,11
1.0043332417462898,0.14703583250769317,0.7529608823246167,0.25502012979335514,0.2754856423568886,-0.43387934200218375,0.22865576093690546,-0.13117590323657902,-0.015046664380614264,0.18432931028412927,-0.0006537706830448628,0.09730424753497255,-0.4824756141652207,0.4110838752547739,11
0.9186139381969792,0.06866090566981792,0.607283921516958,0.21422356885044916,0.4129367198724979,-0.0708689816200177,-0.42197258906580365,-0.4266303109712126,-0.01131531955713063,0.04297098760904306,-0.13505685994163677,-0.2296333319471002,-0.16058994208206542,0.29053449117656466,11
0.9852471152689615,0.047622208495049154,0.5570522524300289,0.507574428906716,0.3060399984100734,0.2016765267455403,-0.715296649830961,-0.4878020907216395,-0.7014470367602416,-0.46819770108078435,-0.5614917969879925,-0.3551079002919817,-0.7951668739953915,-0.6600247998674057,11
0.8678458032849927,-0.034798621645666244,0.4479865489079499,0.28804175728033216,0.3518280077661283,-0.32002713892988216,-0.14758245973422734,-0.32889109454683396,1.249962768350992,1.0867438483451655,1.0184361753367333,0.8649256117543228,0.2809089749887944,1.956479033359658,11
0.735300587421028,-0.04820790116365068,0.3776314894528628,0.026227425062157125,0.3823823638193131,-0.3621519936857076,0.5370039079774136,0.08575691568215141,0.6856664784413307,0.9509857870875345,0.8477020234887387,1.0442560667384138,-0.30362444928451754,0.9021856274370239,11
1.0284192602982833,0.1726598867590142,0.7828643428208107,0.22802625970479426,0.1685889208944651,-0.46458674978593834,-0.042437221415286726,-0.2810444998945545,-0.10223204230842804,0.08951109111272577,-0.09159063876754175,-0.026694817066368993,-0.5248149424899973,0.2711849451526474,11
0.7788092636476831,-0.10288539437060494,0.289406040077961,0.2268905952674118,0.4740454319788665,-0.37333925019463166,0.30420456180310734,-0.08260684138097343,0.5819685073767575,0.8009374035922584,0.6661923260230456,0.8248221766734921,-0.31783040813033064,0.9895154369254993,11
0.7342909938290281,-0.09853123176850082,0.28397835717967884,0.31040561081648593,0.4434910759256817,-0.023587860489708925,0.18831114356711934,-0.15591318027846626,0.25177233635535284,0.3424884172115825,0.15792148847470866,0.06484316517709274,-0.16778577090919305,0.5723871704276047,11
-0.010692925296107065,-0.3607057657925434,-0.9039161292093816,0.732698063917138,0.48927908528173664,1.3451706714725211,-0.864592503528961,-0.5017499462200936,-0.035708290194232245,0.017093917611144586,-0.15901060661881805,-0.2392619397094316,-0.2699897526054599,0.3376240943321149,12
0.06228626863987339,-0.3454469304789747,-0.7754951036538072,0.7163619677794014,0.48927908528173664,1.2078390411592679,-0.8329918161013524,-0.4997649916611952,-0.12851853121416307,-0.0817796632763475,-0.24790885796483142,-0.335094016180888,-0.2850545684403173,0.1806016721734249,12
0.15863034284784805,-0.33905055001924644,-0.6606432853439377,0.7237874660238276,0.45872472922855184,1.1469766827033105,-0.8498228427685548,-0.5008869350634805,-0.12924252349334642,-0.14106518931630865,-0.2995295460928604,-0.3993919293128422,-0.24027794325473956,0.32752123401874256,12
0.09372789764786499,-0.3499937551431189,-0.8391935708751527,0.7043938117854442,0.48927908528173664,1.2864721033701416,-0.7668256051434137,-0.4939266860266364,-0.6532180126238718,-0.18953641744670024,-0.3407387273064916,0.016813626653400016,-0.7825463187266519,-0.9652167987915425,12
-0.38539637558400747,-0.41576858312357756,-1.1536919516416346,0.7270197417302247,0.48927908528173664,1.3351804053719594,-0.8596675524896763,-0.5014747343801066,0.8103045338884388,0.6487647830076027,0.4895607471815808,0.13674559760267607,0.670992534472275,1.1383185828970388,12
-0.47847128958931573,-0.43530451621443433,-1.2833930910883127,0.7092859047464769,0.48927908528173664,1.3514318520701079,-0.8399937101197766,-0.5002496226611863,0.52059623878752,0.42514055123472055,0.2442714688976176,-0.023819476437932096,0.3318600855550689,0.9287270401246979,12
-0.3581373486000144,-0.41072083709812934,-1.1886646631466016,0.7189827318656691,0.48927908528173664,1.4442446468108117,-0.8286380243813312,-0.4994509592501494,-0.6820384745067487,-0.7451402837970978,-0.7526121162208221,-0.7366769517143557,-0.6014157009723231,-0.3761515485536908,12
-0.08992198432541904,-0.36517552563187156,-0.8872746486250267,0.6854369515614389,0.48927908528173664,1.167049291089693,-0.8098390942413941,-0.4979809793137818,0.9106610021260119,0.897686747390371,0.7825390955979262,0.5381393659895363,0.3280532599820078,1.054071001978745,12
-0.08222984267208806,-0.36166907610274335,-0.850202550338649,0.7303393762394969,0.4740454319788665,1.276389761084321,-0.872087671504931,-0.5021445096420701,0.11599593815157752,0.030804902460777054,-0.14641486748461635,-0.36049916397030085,0.2642425069311248,0.4740983260229286,12
-0.11054653913341363,-0.38128207401841613,-0.9114944034447184,0.7071019346745872,0.48927908528173664,1.2585730192367754,-0.874559233650107,-0.5022681960272796,-0.36576523193117827,-0.3021209831838251,-0.4334229811668314,-0.44392187562429275,-0.5121874235159412,-0.04508595313208597,12
-0.27087961672003763,-0.3998932292114809,-1.0341805187681457,0.7087617519292237,0.48927908528173664,1.2875770175932453,-0.7911647806802056,-0.49633905218302266,0.469471245534417,0.27837507960484903,0.09246732962125571,-0.1925565712119927,0.5501258225275869,1.0446530813476347,12
-0.22227489664805078,-0.40128039605816895,-1.0634183200409657,0.6888439448735874,0.48927908528173664,1.2372573823494015,-0.7420528677597265,-0.49115433854507284,1.9005812146248255,1.0332516961853309,0.9505793610414962,0.07415018879019117,2.9978218166016166,2.3061407411546906,12
-0.3688101951440116,-0.4172328147950817,-1.193733914155374,0.7176723498225352,0.4740454319788665,1.3009280644557473,-0.832630947258727,-0.49973936815771725,0.20006258010752462,0.12639557148286432,-0.05664292325068137,-0.2770575356016483,0.22246027503167431,0.6009834021620666,12
0.9284694946903099,0.005698943795143461,0.49775737699408185,0.5733556074720435,0.4740454319788665,0.14210323488320403,-0.7204085257383682,-0.4884715769967217,1.0887909486620149,1.2082115873651507,1.176064933865905,1.0540927583620139,0.41034104447287,0.8994458687079736,13
0.9314501995809756,0.0312459332216485,0.5102512885712589,0.5950205905851917,0.48927908528173664,0.1438526824031178,-0.7658001145474636,-0.49381783430133525,0.47562517990747566,0.3614134385533287,0.1775067707122826,-0.06647666799796646,0.4287716512107385,0.95218622424219,13
0.9312098201543091,0.0064695920433034074,0.4983206271061674,0.5781603416302009,0.2754856423568886,0.15315237711423998,-0.7695515928035344,-0.4942118197495491,1.1472672481345187,1.222888134528138,1.1953589851408386,1.0934395248564135,0.1711841915506265,1.177188909865439,13
0.9323155655169757,-0.010407604591401297,0.4601220285956183,0.5418190796339517,0.45872472922855184,0.13947906360333265,-0.7323016204726662,-0.48997527206924457,1.522991395173801,1.518350202414589,1.5993691380638755,1.3807844205534963,0.7952946743731403,1.1814697828795797,13
0.6688116380050457,-0.1802970108982801,0.0029677558044835335,0.6107451751028,0.4740454319788665,0.6812092995725084,-0.7919747884420699,-0.4964139961142476,-0.1344496987320886,0.26929879385931754,0.0834391697794002,0.27657795237508154,-0.5401118818354071,-0.25450626098386153,13
0.9283733429196432,0.01772105646643999,0.5601245257686787,0.5042547943974428,0.48927908528173664,-0.09586766591773664,-0.6921569088646223,-0.48460204265570694,0.36736048831266865,0.23646967520526785,0.050602878741683545,-0.201296093385268,0.3257784495785932,0.8987609290257111,13
1.0488515115649444,0.14198808648224492,0.7372410837418569,0.5831397933941108,0.48927908528173664,0.23344281065976924,-0.794755295855393,-0.4966686898856602,0.02427168555042169,0.20035764468581252,0.014854278077561992,-0.03600184067946742,-0.19675478502614535,0.09155951347929302,13
1.0611589382102744,0.22980345436008046,0.9151257100496976,0.3089205111676007,0.4434910759256817,-0.467026768695292,-0.15903160790673423,-0.33374607415318575,-0.3523992206231774,-0.32703249086836894,-0.4532266866263856,-0.5130435509947431,-0.3227978512561543,-0.13412811182621787,13
0.8502981051383305,-0.07198239961938767,0.32325225135875624,0.5304624352601229,0.48927908528173664,0.22018383998252591,-0.7581465796693342,-0.49299133182073007,0.31832393432644057,0.5149378463766809,0.34081453301294423,0.3646352591209619,-0.17479590092787864,0.5049206117247436,13
0.842365584058333,-0.0908247492869005,0.21654195739630966,0.636428663148227,0.45872472922855184,0.510592128288259,-0.8308110259732558,-0.49960893874527673,1.4104941333314605,1.3796954542168947,1.4065014330552028,1.254988268059382,0.22550109301991217,1.516747757347099,13
0.7817418926530157,-0.13109112025326206,0.17839456344140392,0.5689876673282629,0.4740454319788665,0.40392186766613086,-0.7799570771290236,-0.49526633287952393,1.3971281220234597,1.4026758372747303,1.437954377020377,1.3368976425405121,0.2414711905459244,1.4499661383265,13
0.9060180562396489,-0.014029651357753387,0.40384822194267705,0.6352929987108435,0.4740454319788665,0.2824733793099918,-0.8016144000440015,-0.4972801861265555,0.3436636640978587,0.43769286130832763,0.2575952854384208,0.1464120387943291,-0.13974525083445066,0.6345454465929313,13
-1.4742671024983844,-0.5401512103766066,-0.14905856990305213,-1.0743187735646573,-0.6407968414488721,-1.0425489646543864,1.1261547457975916,0.6377507577114591,-0.11259070107212883,0.03196357723680244,-0.1453227513747144,-0.0053945963583429575,-0.4569420280044455,0.5588596117029196,14
-0.7529365189572431,-0.4806571656186522,-0.20359142166409164,-1.12271555035774,-0.0910795808338824,-0.8439866711441414,0.832319237823821,0.33988234622811175,1.4664643056837143,1.0562320792431659,0.9796296495648863,0.6661866075282823,0.8360323504751044,2.2700101729153412,14
-1.1066308073544824,-0.5074757246546213,-0.2663170023281977,-0.8912147227373989,-0.38121538916796915,-1.016951785152486,0.9376721704406757,0.4415286652880781,1.3896097406627095,1.0568114166311786,0.9802121114901674,0.7896370874044615,0.6826451347020106,2.257167553872918,14
-0.5608733570506274,-0.5210391338222378,0.018585145275954854,-1.2261483729624505,-0.365981735865099,-1.349899271047708,1.0300961330123863,0.5354494017204771,1.631590237051308,1.0664670397647227,0.9925894274023885,0.5593450031242582,1.14125155450059,2.5662465854938956,14
-0.8828375611278749,-0.46474327929414755,-0.3275576508786229,-1.0129928939459856,0.0005834873256719786,-0.6766382044365733,0.906284369668429,0.41063596767385224,-0.2326341901321114,-0.022494137236386623,-0.19490482276426,-0.0525161325783189,-0.5946841191663006,0.17460844995362748,14
-1.638590478567674,-0.526510736384174,0.05345544766963338,-1.644946473948079,-0.7782479189644804,-1.2344817728260098,0.7260836044408321,0.24323550021516224,0.4403723250826233,0.3517578154197845,0.1673864947605251,0.005766265291510827,0.04437511773579431,1.1816410178001453,14
-0.8794241732692093,-0.52600981502287,0.21971663984624787,-1.3995555966705178,-1.465503306542523,-1.1915742704954864,1.114627712263367,0.6252279928538059,1.1131560734422248,0.7360516161348417,0.5899626215518942,0.2629957512486492,0.9743315380622853,1.8968892810028155,14
-1.0015369220158434,-0.525393296424342,-0.2213594024726179,-1.088820334842007,-0.32010667706159956,-1.1180514365664664,1.0293172793952092,0.5346787700369291,0.9290671135314046,0.9191222307468391,0.8086042667542512,0.7638346886071724,0.021394890191096628,1.504418843066373,14
-1.3323951648797556,-0.52273455996819,-0.09360403614041811,-1.3961486033583692,-0.6407968414488721,-1.2267013351716551,1.093936167833689,0.6028796740309171,1.396849663454543,0.9281985164923705,0.8197438510752505,0.32402107274429043,1.0623063485616837,2.0999738967936623,14
-1.990890566290247,-0.5096335397494693,0.3825471267947033,-2.0890786277676328,-0.83935663107085,-1.3373769098525337,1.6432616240288658,1.2712100015878227,0.6481024174944702,0.3513715904944429,0.16716807153854477,-0.09933500136372253,0.5494062396448741,1.6741126493469203,14
0.9873143783382945,0.0981767335743471,0.6244374476577541,0.22523077801277516,0.42817037317536705,-0.12077427403019737,0.08729382941921861,-0.2141055052823761,0.1224004852366613,0.6060869287573377,0.4415076383458981,0.7063467927530952,-0.1969636961856426,-0.21837569274451205,15
0.8928452636583193,-0.037727084988674386,0.36411348676280253,0.4828518876929211,0.26016493960657394,0.11111959854367351,-0.3583402485424151,-0.40744736178849683,-0.15174197586181462,0.18915712185090136,0.003933116978543091,0.14149369298252915,-0.3294830083600663,-0.2882395403352923,15
0.9566900393809687,0.07621325850178624,0.5879798040391062,0.5482836310467458,0.4129367198724979,-0.039332888168935314,-0.44819399417744066,-0.43391856011836677,0.07793065178066674,0.8277800359035112,0.6980093086915204,1.3987552994812273,-0.5124891840796594,-0.45159765455491097,15
0.8163084542076733,-0.020772823529153685,0.39299285614611335,0.012948887025066153,0.3518280077661283,-0.08118151436898484,0.30088145303648395,-0.08480314167908491,0.32133128687074064,0.9656623342505218,0.8658311509131101,1.40670031963875,-0.28702761828001355,-0.15279271816787265,15
1.0852930326476016,0.2609376435857457,1.0003300906415935,-0.9545498548222091,-0.44232410127433874,-0.8843160402874232,2.5241450650564348,2.670002836187683,0.03727570071883092,0.4676252930223144,0.28963069132887603,0.49964385165487096,-0.3042743951140645,-0.19234798481853488,15
0.9500555672049709,0.10218410446477934,0.6510638165927216,-0.23838238884803603,0.39761601712218225,-0.4876518341932261,1.3505165111191435,0.8954307268977841,-0.2542425750800463,-0.06864801581472746,-0.23633242719987146,-0.219153472025034,-0.18830548924203422,-0.2618693625681839,15
0.6761191725757102,-0.13120671749048612,0.09339500107208482,0.2764230364978768,0.3823823638193131,0.014117337373702006,-0.08698764831783036,-0.30201531458310144,-0.30887614630149973,0.2198620034155719,0.03422113709315532,0.39628292274842836,-0.6633926782898413,-0.5856917208498621,15
0.8568364255436622,-0.013336067934409264,0.39739644793151163,0.24200366816489075,0.36706166106899746,-0.08721250450342503,-0.20630802246939864,-0.353098562306282,-0.19941408286035095,0.5842652204755281,0.41718985296541605,1.2122364929260436,-0.7216347883225697,-0.6400074376532827,15
0.7212624289036983,-0.12041764201624568,0.13056950846975066,0.5102825517958599,0.48927908528173664,0.543417288332962,-0.24522474154102633,-0.36815477882359887,-0.6821498579343153,-0.5323496611800518,-0.6082926126843212,-0.5088818737693739,-0.6573806793665314,-0.7457792480866773,15
0.7062146767943691,-0.15355551668712697,0.08310288538760663,0.3547838826772907,0.39761601712218225,0.09288851386246355,-0.2231572223876684,-0.35970672899270517,-0.5659212512684912,-0.08622124991777796,-0.2518404759604782,0.09951750315028253,-0.7375793522624212,-0.8783835705727074,15
1.1858677847649084,0.5302021414928605,1.1724286021616435,-0.6857468183739868,0.031137843378856774,-0.9298937519904473,2.784541791066059,3.1608952186076875,-0.7972646303244727,-0.44521731802294934,-0.5443819779328628,-0.24563687255011082,-0.7955011318505871,-1.0974101574682151,15
1.0293327021196166,0.19130957436448695,0.7840932521562709,0.18583195791587923,0.4434910759256817,-0.34286203287402356,-0.1893290136149327,-0.3462784719068832,-1.0076679249979195,-1.0300004774829172,-0.9192981576881137,-0.7979292737859259,-0.7861929790774318,-1.1900996199703953,15
-0.48856722550931353,-0.46112123252779535,-0.9366358402660049,0.3259554777283428,0.1532682181441504,0.5048373667095939,-0.3398294942408337,-0.4014653333449563,-0.9412834021681821,-0.5230416404793153,-0.6015943005435896,-0.1511667995342299,-0.8690285750531979,-1.3517111380002442,16
-0.4936632693546453,-0.4664772378525076,-0.8438019808831279,0.24226574457351732,0.26016493960657394,0.3246903102510757,-0.31075229253287967,-0.3917264754441199,-1.0704046405748486,-1.0493310349962728,-0.9294985221545973,-0.7558017502363933,-0.8420859991833688,-1.3447932472093924,16
-0.4606351361306538,-0.4933343293008847,-0.1780403483976514,0.10013297229491532,-0.8088022750176652,-0.36689391722652714,1.5540828848620605,1.1519547485587873,-1.0404146527025215,-0.9293888844313871,-0.8639133093679561,-0.6652663538699521,-0.8393051595269498,-1.3738860602134944,16
-1.142110810730473,-0.49429763961108475,-0.4485028113101486,0.11577019800964743,-0.16742194624312112,-0.295765064114232,0.6763408200904394,0.2000030627681257,-0.6912554531378908,-0.37724173116279863,-0.49261567432351355,-0.2761116998686099,-0.7413792141301656,-0.90403456167344,16
-0.7281293621252495,-0.48266085106386825,-0.1728174837219464,0.07261494938910129,-1.2974978729737299,-0.6571180531617428,1.3452722300968163,0.8891693444689576,-0.6747985517149148,-0.43865149429213945,-0.5394310515679744,-0.4046129425592145,-0.6510901322305587,-0.8680923518467126,16
-0.4448181698559913,-0.4608900380533474,-0.05950180208140174,-0.032040896455867975,-0.6713511975020559,-0.24701072401978513,1.434295198540186,0.9984063856118707,-0.8633985404421852,-0.6351434250597627,-0.680102887297403,-0.48391181041715864,-0.7849302271800261,-1.1484381637967753,16
-0.6417369961812728,-0.500270163534325,-1.077192345509247,0.25239936570708743,-0.19797630229630592,0.19334363197963397,0.10222185708178425,-0.20584048047632503,-0.7925029887959973,-0.5953815689958281,-0.6527854230017239,-0.5104897945155393,-0.6564753976753768,-1.057923384785779,16
-1.0199019102131721,-0.5131785216910055,-1.3469379446427256,0.2719677375512211,0.36706166106899746,0.543417288332962,-0.29582426487031405,-0.3865536102683047,-1.0540591225794391,-0.9853721873596761,-0.8952060763036781,-0.7194249079437341,-0.8248415435844234,-1.3957870065538396,16
-0.567555905111959,-0.4680955991736437,-0.48854477382388817,0.3366132516791661,0.0769258527349107,0.08045822885254825,0.5579291084922449,0.10224843371007623,-0.9786246962599093,-0.9588385349886968,-0.8805280357865968,-0.7657519421479578,-0.7334150564831091,-1.2413502316956904,16
-0.40563632330933513,-0.47711218367711605,-0.20538358111163732,-0.09109544719977379,-0.6561175441991868,-0.40404665797838624,1.045517434632498,0.5515363381145392,-0.8059525376746732,-0.3992565519072793,-0.5095070701566627,-0.15960365427293288,-0.8261994661211556,-1.1533012355408394,16
-0.33352249530935474,-0.4642423579328435,-0.3271480144334697,0.04483485007466069,-0.4575577545772089,0.20581995508217887,0.8659397522986428,0.37169016896655077,-1.1698449801206858,-1.2616968101954427,-1.0322375250001006,-0.8745230514473802,-0.8472298561772122,-1.5427236918912137,16
-0.35486818839734907,-0.3745003694346079,-0.8151274297223936,0.4773482831117581,0.4129367198724979,0.8064789496168803,-0.44484492362357814,-0.4330092147317803,0.21384627926890057,0.05166104842923237,-0.12704800846902278,-0.4145631344707791,2.001779832820828,0.33728162449098364,17
-0.7946183115412319,-0.44108437807563455,-1.3239983037141383,0.6137153744005704,0.4740454319788665,1.1563224155070617,-0.6563556042617039,-0.4791035855935928,-0.8692740162463273,-0.9233251531035215,-0.8604549416866001,-0.8113033910510897,-0.6028548667377486,-0.9526481556220247,17
-1.3247510991117577,-0.476534197490996,-1.6356804339201907,0.6904164033253478,0.48927908528173664,1.3892751642114067,-0.701684884781425,-0.4859525746811246,-0.620610514203728,-0.42262315989045596,-0.5273449666183935,-0.4352201868803389,-0.6261368548461647,-0.7364469449158499,17
-0.39929030644533686,-0.3905683854087445,-1.0957795992080799,0.616248779683963,0.4740454319788665,1.1663126816076237,-0.6220341215314226,-0.47320343676642923,-0.6425252035774711,-0.7732188358694442,-0.7703917664900248,-0.7968131876209407,-0.17110513711009376,-0.42745353075515596,17
-0.37582927440267644,-0.3679498593252476,-0.9091901984407308,0.44956818379731744,0.4740454319788665,0.9128729816832322,-0.5167850360635249,-0.45129630458237163,-0.7578627428227619,-0.9635118565853322,-0.8831345529022293,-0.8954638545768516,-0.15787409700860117,-0.5819245525974182,17
-0.6612077297412676,-0.42278148218183387,-1.1318788109372186,0.40527727073938785,0.4740454319788665,0.8459796330928346,-0.27178364988677356,-0.37798033278883447,0.4674663438382168,0.1449343678992689,-0.03887783452961089,-0.42523216153945287,2.512683679546886,0.8028693735089537,17
-1.3181647028210925,-0.47375986379761986,-1.5934366755137517,0.5842754578314933,0.4129367198724979,1.241677039241816,-0.5495488115594516,-0.45873482690781764,-0.855267550229818,-0.9736695721218207,-0.8887553104811909,-0.8590491788548711,-0.523398989075627,-0.853434642646294,17
-0.1952081732053912,-0.36729480831431155,-0.9171269045655769,0.60200929481524,0.3365943544632582,1.1052201326885196,-0.6476324437493177,-0.47766154105575376,-1.218165895584798,-1.5526786689479293,-1.1449803114123052,-1.0285259171721677,-0.8132817927589088,-1.4966957452431702,17
-2.897890218988673,-0.5185730594281257,-1.7371678632069323,0.6228006898996333,0.48927908528173664,1.327446005810234,-0.551184404155524,-0.4590902807718541,-0.5106750711954209,-0.7230675293138158,-0.7384291683402295,-0.8247153417455751,0.509225659968236,-0.22847855305788473,17
-0.8991352862558707,-0.43634489134945037,-1.303209254122606,0.5513411891473915,0.48927908528173664,1.102227656667614,-0.508840729168316,-0.44940633037847044,0.05746394696529045,-0.03755690932471529,-0.20851987026770347,-0.44178428686762583,1.9697467883645823,0.04446991032374278,17
-0.9210098140825318,-0.4587707553709073,-1.4847294038811825,0.6902416857195964,0.48927908528173664,1.3522144996448064,-0.7002569864832666,-0.4857531737330065,-0.10760629268852002,-0.42088514772641816,-0.5261072350271714,-0.746891977631171,1.8810756073335264,0.305431929265775,17
-1.7667607888663066,-0.498690334625597,-1.6027047000853463,0.5643576507758559,0.45872472922855184,0.838337309716368,-0.5092561177641439,-0.4495103656557494,-0.5039363738276372,-0.49179604401916627,-0.5788855662316964,-0.6194689876762302,-0.06950467654126338,-0.5002968659637784,17
-0.3407819539946857,-0.37781415690169606,-0.9388888407143483,0.6106578162999248,0.48927908528173664,1.0220292993073434,-0.5535988503687738,-0.45961431031666666,-1.0949368404964084,-1.4342234843456096,-1.1030139296958086,-1.0246347489664474,-0.5901344983594714,-1.147308013321042,17
0.008489352951888069,-0.3743847721973839,-0.404569302567452,0.08047724164790544,0.36706166106899746,0.35056371830875227,0.2331211883420555,-0.12840162917580664,1.2887520470010863,1.16205770878681,1.115561701377341,0.7184156567066657,1.5222126600193575,1.1420857511494826,18
-0.01982734350943803,-0.40821623029160925,-0.6952575649593957,0.40353009468187606,0.4129367198724979,0.6912456037656993,-0.31848890513017464,-0.3943658889602714,1.4742611456133812,2.0720036328920104,2.4269747261475234,3.3375293850634544,0.13237314058624802,0.5819763259792805,18
0.47939264979176277,-0.3391661472564705,-0.0953961955879638,0.054182241982349104,0.3518280077661283,0.348399927955174,0.22411244817003761,-0.13400797467361752,1.2961590449342697,1.585746451886727,1.6952569325132607,1.8147338548715402,0.7703646093398013,0.6550936370608079,18
0.5309299988690822,-0.31103748619862936,-0.0992877418169208,0.19054933327116153,0.21437693025051904,0.43301794220785933,0.20734113361348577,-0.14435370502524794,2.307966100949934,2.7086954223179114,3.484070312791887,4.5132032012302545,0.8285347610842586,1.0045841099352757,18
0.15738036982918152,-0.3294559793296541,-0.5233638716619224,0.054182241982349104,0.42817037317536705,0.5845753431435713,0.17699180433080872,-0.16269473909368767,2.1787613249725934,2.489126552261118,3.1075814858383777,3.797583885613359,0.5845961638446338,1.1136607543355868,18
0.3040598959811427,-0.34729648627455884,-0.44737631108597686,0.3697222379690183,0.2754856423568886,0.5687842773717158,0.03534429315349008,-0.24196384064263224,2.0807439087139197,2.3203462598867657,2.8265436068902927,3.278509235321854,0.6509602755115942,1.1777026146271357,18
0.32872282515713597,-0.3227128071582538,-0.32673837798831623,0.08222441770541725,0.1074802087880955,0.4446195415504471,0.6065295742041107,0.14148321929870802,2.178482866403676,2.465373719352599,3.0676100362159686,3.650979346992399,1.251556646715139,1.0038991702530127,18
0.5340549314157482,-0.2989768411149249,-0.09918533270563236,0.48922908030283996,0.45872472922855184,0.574631115135639,-0.35057767415788094,-0.4049620746090549,1.9857895367133311,2.3777006613000182,2.9209752465264756,3.666112718721014,0.9195271772208395,0.9203365290169815,18
0.3300208740611356,-0.3091108655782293,-0.4272529207178188,0.43690115738035484,0.48927908528173664,0.8276564722263665,-0.27419809610002327,-0.3788569263288702,2.1367140810661738,1.7356017229193321,1.9133889235309975,1.3438968269649967,1.4493258777058717,1.9071633762367544,18
0.06632464300787262,-0.3612066871538474,-0.8443140264395694,0.6870094100131994,0.48927908528173664,1.243978943873282,-0.8302554437263361,-0.49956867323981136,-0.615152726252961,-0.4106501872048613,-0.5181711912952177,-0.30766477992277275,-0.6861129275027202,-0.4769917932747951,19
0.5187187239944188,-0.23050474426590606,-0.13349238498722504,0.6086485638337854,0.4740454319788665,0.7035377744977274,-0.5492113083253415,-0.4586596903186717,-0.8160327378694572,-0.706247433815182,-0.7274861649190127,-0.5604299212199697,-0.7392135017767107,-0.8234514080552506,19
-0.7864934869199008,-0.45800010712274725,-1.403058137628734,0.6642961212655428,0.48927908528173664,1.3023092072346267,-0.7797857293332445,-0.4952492826535254,0.1561775096462551,1.0581632038698745,0.9819594972660104,2.1707464247872146,-0.702686546156169,-0.2980341777916467,19
-2.023245637119572,-0.5404980020882786,-2.079675135910774,0.6962694431180125,0.48927908528173664,1.46459348375297,-0.6719586383924899,-0.4815802031665948,-0.5141279574499878,-0.5503863651935124,-0.6211723020070974,-0.6352644444179724,-0.4639753703741863,-0.1351555213496116,19
-1.1423992660424729,-0.49418204237386076,-1.7649207323660714,0.6525900416802123,0.48927908528173664,0.8318459386556342,-0.7394073616400474,-0.49083934284442265,-0.39464138552783856,-0.20653031416173806,-0.35500904447587617,-0.2812948796856607,-0.5540857171706678,-0.26323924193270926,19
-0.6266892440719432,-0.450601883940411,-1.3831395654831529,0.67766201810551,0.45872472922855184,1.3332007673888986,-0.7764081008134189,-0.4949130945815776,-0.26894518751884705,-0.1694527213289284,-0.32377452373268223,-0.34574412653490094,-0.30172103649798704,-0.08926456263802068,19
-1.9127191767382679,-0.5280520328804941,-1.9329740839902319,0.6640340448569162,0.4740454319788665,1.3272618534397165,-0.634288085108346,-0.47538143456205645,0.6939366979381564,1.145063812071772,1.0935737636979828,1.5570882011918648,-0.2881418111306656,0.569989881539686,19
-1.1435050114051393,-0.500424293183957,-1.8505859539587652,0.7093732635493532,0.48927908528173664,1.4938737106652158,-0.7820911360400895,-0.4954756557105676,-0.8209893003961742,-0.8738690514135082,-0.8317177264480485,-0.7906841720708514,-0.5937556251240905,-0.8062594220304607,19
0.7411658454316932,-0.14057009370563042,0.2046625004868627,0.5123791630648744,0.3518280077661283,0.15306030092898126,-0.4592277537541196,-0.43687971236239953,-0.38408780576589613,-0.29111357281158473,-0.4245404368062961,-0.3930548299014846,-0.4019287560035024,-0.1598133499110638,19
-0.6657268629625994,-0.4591560794949873,-1.5305574811827132,0.7240495424324541,0.48927908528173664,1.398989201756193,-0.8485974464108624,-0.500810160882007,-0.2958999769899822,-0.2219793111754086,-0.3678232068320582,-0.4262725808457951,-0.12535359318019554,-0.21546469909489613,19
-1.4909013588237134,-0.5267419308586221,-1.8862755292427504,0.6760895596537495,0.48927908528173664,1.4247244955359812,-0.8602776544897986,-0.5015095091348267,-0.05057797777438319,0.4705219799623779,0.29276142417726125,0.8496030728790995,-0.6607232579184875,0.026490243664350474,19
0.5081901051064215,-0.28895841388884447,-0.19964867087949043,0.5885560391723976,0.48927908528173664,0.7982381310362328,-0.4722605709482204,-0.4402916841413078,-0.7063200617162835,-0.391338940937773,-0.5033912199412122,-0.25182263824418233,-0.7954523859133711,-0.8383145991603481,19
-0.5633733030879599,-0.45707532922495525,-1.5765391721511763,0.7396867681471863,0.48927908528173664,1.2462348104121184,-0.7505891034039901,-0.49214556354803635,-0.9347674716555315,-1.2117579273487524,-1.0096234407510654,-0.9473656445916038,-0.545288236120728,-0.5209649208760511,20
-0.24419750036004498,-0.44894499020686696,-1.0496442945726845,0.7298152234222437,0.48927908528173664,1.5051070052667692,-0.8433609539247068,-0.500473491165257,-0.5529729278138653,-0.5850114297504014,-0.6455701759023054,-0.6420366282665277,-0.45647778098334046,-0.21375234988923958,20
0.45165286395443655,-0.2709637772943077,-0.4311444669467755,0.7460639607571051,0.48927908528173664,1.1966978227429732,-0.745921174058374,-0.4916080479487617,-0.4866162508410195,-0.3967460898925578,-0.5075412611588394,-0.44925638915862964,-0.5415046228987221,-0.22984843242240968,20
0.03526762108254744,-0.37080125784343976,-0.9419611140529985,0.7838029635993645,0.48927908528173664,1.432090590356672,-0.8925092133473208,-0.5030712905704969,-0.6963233990921746,-0.8232735861937369,-0.8013641793668422,-0.7837417377903492,-0.4487480680819422,-0.3118699593733502,20
0.3816062990237886,-0.302598887881277,-0.5354481467939464,0.7467628311801097,0.48927908528173664,1.3064065974786356,-0.8424029639755787,-0.500410492025127,-0.6308020978260787,-0.6474446889318979,-0.6884320928289214,-0.64824131067526,-0.5830083065855096,-0.29844514160100427,20
0.4504028909357706,-0.28814923322827646,-0.5304813048964618,0.7722716016197854,0.48927908528173664,1.1871218994760748,-0.8492049522322607,-0.5008483071503427,-0.5570384229200489,-0.5415225031569189,-0.6148525901177985,-0.5783440500037181,-0.5040631006466035,-0.24919797844632693,20
0.6550138589143825,-0.2185596964194256,-0.08817635324213624,0.666654808943184,0.48927908528173664,0.7369153916539822,-0.7299339054764471,-0.4896824320294964,-0.09426812723741101,-0.39848410205659557,-0.5088518004907217,-0.6555431625343169,0.974470812168617,0.7836910624056025,20
0.191466172530506,-0.33288536403396624,-0.636065098634737,0.7264082301100953,0.48927908528173664,1.344295947712564,-0.8246139473592483,-0.49915176149901197,-0.46258527634350954,-0.5084037158088622,-0.5910080550516074,-0.6091782949007718,-0.3555736909461676,-0.03309950869249149,20
0.4002116666477839,-0.3037163278411091,-0.5687823125182999,0.6359045103309728,0.48927908528173664,1.2296610970655641,-0.6869905132040126,-0.48384778689543445,-0.12759961793673807,-0.4299614334719496,-0.5328055471679028,-0.7143363116999872,0.8203408011617553,0.5867709037551186,20
0.3559337762557954,-0.35061027374164694,-0.4321173535040148,0.5578930993630618,0.45872472922855184,1.2009333272648701,-0.5394496763233855,-0.4564990317359243,-0.1201926200035542,-0.13218201603344798,-0.2918847333235473,-0.33038375423035643,-0.0899779701719942,0.44070751651262907,20
-0.2612644396533735,-0.4155759210615376,-1.258200449711382,0.7454524491369758,0.48927908528173664,1.0809580578728695,-0.835076547616664,-0.4999119896548319,-0.9343497838021566,-0.9683203569058372,-0.8857993162103899,-0.7776883890989031,-0.777086773758457,-0.9237437010305449,20
1.0872160680609342,0.3496007245365574,0.9951072259658883,0.5063514056664573,0.48927908528173664,-0.34309222333717015,-0.0496026746933182,-0.2844930766784313,0.10134901742655995,0.12600934655752272,-0.057079769694642055,-0.22002364089942947,0.2905188883256681,0.2502942848436395,21
1.0121215351702877,0.1714653819743662,0.8269002606747957,0.464943333103423,0.48927908528173664,-0.09941259905019428,-0.2656826298855511,-0.37575513380258996,-0.017914787640456085,-0.024039036937753624,-0.19643378531812264,-0.32811374847106417,-0.1521870710000649,0.3804328244735246,21
0.9405365419089735,0.092242742063515,0.5881334177060387,0.5211150433524335,0.48927908528173664,0.12663443575975333,-0.4741038578422068,-0.4407714023643164,1.4525413772378801,1.4345393936154256,1.4822214833417333,1.2907408587682356,0.43478365013404835,1.38284204946477,21
0.731550668365029,-0.11043774720257327,0.1249882119045367,0.6520658888629591,0.48927908528173664,0.5752756484324496,-0.44180739451658646,-0.43217211606552636,0.8342519708152737,1.2113013867678852,1.180069359602212,1.3777577462077735,-0.05989476320438984,0.5102288942622781,21
0.9299117712503094,0.04823872709357711,0.5022633778907686,0.6781861709227641,0.48927908528173664,0.3309975289412926,-0.7949136627575524,-0.49668313922972673,1.173358816042012,1.3076645056406557,1.3086478296079942,1.1950222825847439,0.5311149070133371,0.86896605284729,21
0.9620264626529677,0.08731059327529066,0.5994496245034,0.6532889121032178,0.48927908528173664,0.2246034968749402,-0.7018406555048605,-0.48597569363163107,1.7028756306939794,1.41580748473635,1.4562291199260688,0.9982884501127448,0.9320386344396193,1.8176075127809252,21
0.9466902552316383,0.09836939563638718,0.5950972372736456,0.6865726159988214,0.48927908528173664,0.2916809978358552,-0.8417539192945976,-0.5003675293087692,1.4848425712322153,1.2178672104986947,1.188733480740767,0.7090897163789065,1.0803423453316134,1.5340424843242284,21
0.9332290073383084,0.11123922138065964,0.6799943905316769,0.5476721194266164,0.42817037317536705,0.11029091287634547,-0.38926073714435544,-0.41702727690460145,0.47804776945705096,0.5400424665238956,0.36826305124181175,0.20876153031622416,0.0546349769022149,0.6943064338703393,21
0.7516463884343568,-0.07575857603537192,0.25284598734802466,0.699676436430161,0.48927908528173664,0.5529011354146011,-0.7048522228246129,-0.48639376131995576,2.6028537254327038,1.937211133947734,2.2171428175650414,1.4178611812886037,2.0347413713192832,2.236105658643345,21
0.9661129129063,0.18479759666753465,0.7408766071925929,0.563047268732722,0.4740454319788665,-0.03795174539005595,-0.6687134149875844,-0.48107447612426646,0.37429410667869406,0.8474775070959412,0.7215990166654013,1.0011259573118605,-0.33345232039051415,0.1335120690178743,21
0.7137625907917002,-0.11529283116598144,0.1345634638099958,0.704743246996946,0.48927908528173664,0.7453403626051472,-0.7346303927880264,-0.4902613690817617,1.891392081850575,1.5577451447994488,1.6552854828908523,1.0841703346726366,1.638970785827266,1.61760512556026,21
1.025823162490284,0.30124254696451536,0.9113365729320293,0.4695733496558301,0.48927908528173664,-0.22933209645012728,-0.3813943156108643,-0.4146402452648119,0.6672046753221546,0.9863253677563061,0.8915322833661344,0.9712375481478452,0.028660356071389972,0.44327604032111373,21
0.5655927121944065,-0.1884273499163684,-0.11910390485121385,0.5577183817573104,0.3365943544632582,0.5531313258777476,-0.5483286075592072,-0.45846510581857586,-1.287226405261825,-1.7170366859271178,-1.194242028742946,-1.0603419395601152,-0.8727495149273544,-1.5881865633013905,22
0.5427566666610791,-0.16908407888755167,-0.062420461753119695,0.450267054220322,0.45872472922855184,0.6397289781134933,-0.23164672681490142,-0.36299154654382804,-1.1721144174573568,-1.4184655073916654,-1.0970218526394804,-0.9827039592493866,-0.8058213431297513,-1.4331675897133183,22
0.6054476211357294,-0.1676198472160476,-0.07399269132870165,0.5389362391390564,0.4740454319788665,0.5536377448966704,-0.4507901729013652,-0.43462176152960424,-1.289598872268995,-1.7060678980474115,-1.1912860344721448,-1.0548958174092797,-0.8784917863314022,-1.6047449801200877,22
0.09940085211719714,-0.3091879304030453,-0.6378060535266388,0.5454881493547267,0.48927908528173664,0.9999770529379006,-0.31965718555594064,-0.3947608376980897,-1.1972787183303575,-1.528365809897665,-1.136811282910239,-1.017416130651898,-0.8304658962451106,-1.33244720943661,22
0.5258820309090835,-0.2118935890728413,-0.21137451412200503,0.5258324187077168,0.4740454319788665,0.5974199709871512,-0.3507074830940772,-0.4050006061932323,-1.2700566499024222,-1.6781631471914689,-1.1835392908659075,-1.051532425542595,-0.868025801487611,-1.5267988442786091,22
0.4937673395064253,-0.2075394264707372,-0.19222401031108627,0.5319475349090081,0.48927908528173664,0.7652748567136414,-0.3198129562793761,-0.39481863507435583,-1.2720866128698247,-1.7596372951923145,-1.2053088053232852,-1.0779307008516983,-0.8119238702221766,-1.4856510928666864,22
0.6016977020797303,-0.13425077807071817,0.0182267133864456,0.357666723172186,0.48927908528173664,0.3492746517151311,0.06325321443567802,-0.22716771231851282,-1.2042262596248288,-1.538832505374427,-1.1403570198803872,-1.0252533255358545,-0.831020671435331,-1.4032186021063882,22
0.4752100477677637,-0.20330086110585696,-0.1813174399588783,0.3920860915051721,0.42817037317536705,0.25144370487783213,0.018572978596938045,-0.2506527128746347,-1.2899441608944517,-1.7478381237231235,-1.2023164071821542,-1.06606802908793,-0.8629422966065111,-1.54498399284268,22
0.3355496008744674,-0.23952132876937846,-0.3084071470677041,0.39427006157706185,0.48927908528173664,0.47049294960812366,-0.18104720348561368,-0.34290695829136125,-1.2056519674976822,-1.5658489389020833,-1.1493196527556486,-1.035392684594027,-0.8311785154225068,-1.3652558202169864,22
0.4203073867171117,-0.22472488240470587,-0.265190502104026,0.4015208422157367,0.42817037317536705,0.3586203845188824,-0.23110152928287728,-0.36277962283085236,-1.1613854087969968,-1.2444132447863987,-1.0245199044901272,-0.8668617820097688,-0.8598341628002132,-1.516713107457293,22
0.4042019651304495,-0.21474498759103344,-0.22509733503464222,0.23152061181981887,0.42817037317536705,0.2250178397086042,0.167256134116092,-0.1684841096163412,-1.1462289088908617,-1.2081081018042725,-1.0079343011677506,-0.8502718232522742,-0.8549317142573444,-1.502654720478854,22
0.6473697931463847,-0.1465040852164627,0.009880370816446061,0.5577183817573104,0.3518280077661283,0.35843623214836545,-0.3087272731282186,-0.3910329069289268,-1.2091772529801674,-1.536920691993985,-1.139709030988512,-1.022998453148291,-0.8380447288646499,-1.432636761459565,22
-1.012546299757174,-0.47148645146554785,-1.1998784608326742,0.26611469775855634,0.4129367198724979,-0.5618192014190562,-0.5518334488365052,-0.45923092105410157,1.2578431458513344,0.9032870088078264,0.7893102154793181,0.1958414142029188,2.688169053524578,1.1787300241505294,23
-0.9168752879438657,-0.475339692706348,-1.3201067574851815,0.3083089995474714,0.3060399984100734,-0.06585082952342196,-0.47602503009791086,-0.44126364335218254,2.6565962292336236,1.4266217826459195,1.4711547067613944,0.268500515214933,4.550495978687306,2.647069468000876,23
-2.2790574229781706,-0.5159913877967897,-1.5750030354818514,0.4000357425668514,0.42817037317536705,0.003022157050036452,-0.6367544548960743,-0.47581106172563437,2.5463266359426164,1.561028056664854,1.66001798603376,0.5863391549451759,3.3012072448937375,2.425320245868375,23
-0.7916856825358993,-0.46562952477953157,-1.3390012385178796,0.38151567635722405,0.4129367198724979,0.0847858095597038,-0.5771202296075294,-0.4645588758562308,0.21724347380968403,0.2978794383346084,0.11219822734014978,-0.03672067583657664,0.07838121203173595,0.3343706308413681,23
-1.7713279979729721,-0.49992337182265295,-1.388208816491925,0.28148984706466185,0.4129367198724979,-0.24295937186840527,-0.45754023758356877,-0.43643178269633737,1.56086176054647,1.224433034229505,1.1973247941386618,0.5791508033740836,2.589052314518659,1.2658885987184392,23
-1.1516779119118037,-0.47703511885230004,-1.2585588816008912,0.3606369224699555,0.4740454319788665,-0.0453178402107464,-0.37817505399319795,-0.4136509468410573,0.4152553621663384,0.4566178826500743,0.2777630296012755,0.05040971189092597,0.8077829192408648,0.34978177369227537,23
-2.5335230840474363,-0.5337162975044704,-1.3483204676451181,0.2817519234732885,0.4434910759256817,-0.26883277992608157,-0.4582671676262676,-0.4366244406172243,0.1277747356167533,0.1113327993945354,-0.07105885590138626,-0.2543385612940646,0.12253110373882198,0.42546760858228744,23
-1.0745641918371573,-0.48435627720982033,-1.4604072399502024,0.37312923128116676,0.39761601712218225,0.2527327714714533,-0.5196927562343203,-0.4519821667807292,-0.1180763348797874,0.0568750849213466,-0.12216988984479453,-0.1427488615101876,-0.34487279710969726,-0.02351035314081567,23
-1.862047193596948,-0.5084005025524133,-1.2239446019854334,0.2803541826272794,0.4434910759256817,-0.1513435675360639,-0.3362208058145787,-0.4002901200275458,1.5800754018017216,0.8552020056027767,0.7309184074698973,0.010041442804844527,1.9644079476218748,2.2670991792657254,23
-1.5566691699596957,-0.4914847735053006,-1.1245053549244584,0.31870469708966803,0.42817037317536705,0.07995180983362551,-0.3141532866612208,-0.39289205586548615,0.007759092413662207,-0.08486946267908177,-0.2506027443692561,-0.417438475099216,-0.011752347115800818,0.5679350624928983,23
-1.4447965847890591,-0.4806571656186522,-1.0655177068223767,0.26314449846078586,0.39761601712218225,-0.11211911261588577,-0.42568512464101554,-0.42768029664004664,0.16879168281818097,0.01052809388033443,-0.16498084135294838,-0.38301005441661623,0.16856119588138319,0.8340341290518998,23
-1.2604736404211079,-0.49217835692864464,-1.3977840683973848,0.33713740449641927,0.42817037317536705,0.4970108909626103,-0.4430535603040703,-0.4325179370335185,-0.6380698664748041,-0.5559480041184337,-0.6251184815508762,-0.5893914113656072,-0.5557570064466458,-0.6460349068571931,23
1.3247590174928712,2.7169165456469484,2.0492554130123812,-0.47390172140065473,0.26016493960657394,-1.6433000353743465,1.1621377829111847,0.677341960453732,-1.081375908190166,-1.2329616757500153,-1.0193432741291923,-0.9182584957430784,-0.7777599319390593,-1.2728745805718245,24
1.328124329466204,3.3006055288033562,2.0923696488647714,-0.30171752093284715,0.4129367198724979,-1.774416523182642,0.712583475076425,0.2313774051845692,-1.118577972997435,-1.2885780649992296,-1.044010536664843,-0.9351927387073989,-0.8076156578663222,-1.351950866889036,24
1.3356241675782015,3.687085625255612,2.2096280812899165,-2.0451371499212048,0.0005834873256719786,-1.9340305903284847,4.19634378113618,6.437043163290645,-1.1453378414703284,-1.4180406599737896,-1.096861675610028,-0.99503198219381,-0.7936278951204283,-1.307515405002253,24
1.320672567239539,2.810897099510064,2.000457471483489,0.25598107662498626,0.3518280077661283,-1.5416018887561849,-0.4270091757902171,-0.42805308971696293,-0.9675698910739171,-0.9518092413474768,-0.876589137016884,-0.7616848484958924,-0.7957495040068783,-1.1519142326842577,24
1.332403083260869,3.8947753281347404,2.1004599686565495,0.3022812421490552,0.21437693025051904,-1.7042544700155624,-0.27009613371622265,-0.37736382744199615,-1.1480945813026036,-1.2885008200141612,-1.0439814135685788,-0.9153074882559984,-0.83110423589913,-1.459828866845388,24
1.3323069314902025,3.264770385263915,2.174143324228508,-1.776072037064356,-0.060525224780697606,-1.9138659057568437,3.0114478115370567,3.617879806951585,-1.1332527395793444,-1.330657270615215,-1.0618921177709697,-0.9518016141795542,-0.8149739731508365,-1.350152900223097,24
1.3252397763462045,2.7940969677001757,2.040857865886738,-0.18867523001181963,-0.07575887808356772,-1.6369467785915008,0.3206383731255492,-0.07165423857854902,-1.0477102672081386,-1.0985360904848136,-0.954828335130255,-0.8363869546912696,-0.7958400321759939,-1.2878405126292611,24
1.3228840579648717,2.524177418782125,2.1205321544690636,-1.8981996434844453,-0.6561175441991868,-1.7791584467234616,3.925043104486074,5.726809737940823,-1.0603244403800645,-1.0729680004271887,-0.9417884687780265,-0.8048527913517676,-0.8180519309007627,-1.3488343913347416,24
1.3267782046768706,2.580280611248175,2.105887651554832,-1.8504143783114921,-0.32010667706159956,-1.7504767150153973,3.682300393799137,5.124079432445932,-1.279215152234092,-1.5519062190972457,-1.1447254843199948,-0.9883732986332192,-0.8827630910490789,-1.700756400081241,24
1.3272589635302037,2.959208354868462,2.1037370602177767,-0.8520779790491295,-0.32010667706159956,-1.7526865434616044,2.2126036181855,2.1292120522579525,-1.198935546815412,-1.394307138311538,-1.0876514964165223,-0.9502107184765834,-0.8631767413521693,-1.5233056518990702,24
1.319037987138206,2.604132174528728,2.035020546543303,-0.5823139957692752,0.3518280077661283,-1.6302712551602498,0.469113834346789,0.033739277042668936,-0.9795714553942262,-0.8601001328250745,-0.8235486979459825,-0.6572267501391253,-0.7703598344226456,-1.3283889418192043,24
0.6845324525090415,-0.14130220954138245,0.045723559767363905,0.7224770839806928,0.4434910759256817,0.8013226832423967,-0.7073964779740588,-0.4867415088671568,-0.2768534108760809,-0.0560957057411201,-0.22504722739755195,-0.2002935075082473,-0.25798896710989555,-0.3712884768096268,25
0.722993160775698,-0.12746907348690997,0.07613906582000017,0.6939981142432476,0.42817037317536705,0.35268147056970095,-0.887137719567521,-0.5028484816849912,-0.6806740275190569,-0.6400484816116032,-0.6834302010455708,-0.6600453406235799,-0.5252791895111023,-0.72533379857114,25
0.6856862737570413,-0.154287632522879,-0.001947881537356992,0.7351441103976554,0.48927908528173664,0.8422965856824891,-0.8202835212477423,-0.49882038987508637,0.03716431729126413,0.28725825288770995,0.10149548946311147,0.0848002991442041,0.16726130422228921,-0.1642654578457703,25
0.8807301405543227,-0.0364940477916183,0.3248907971393696,0.706577781857334,0.48927908528173664,0.25871772351326433,-0.8551865480121826,-0.5012133939104234,-0.8048387033990064,-0.9020055372246559,-0.848179556611303,-0.8301255221385551,-0.4103780517876135,-0.8168246166293605,25
0.7971261759596782,-0.09144126788542846,0.18520476934207858,0.718021785034037,0.48927908528173664,0.27234499893154207,-0.871913727530428,-0.5021356473777093,-0.33073514396145953,0.0010655832094613473,-0.17364496249150327,-0.050567710968259606,-0.4250946823566421,-0.5478145564207432,25
0.7736651439170178,-0.11298088642150143,0.13579237314545592,0.7489468012520004,0.48927908528173664,0.8656378986455531,-0.8873739718313982,-0.5028586925547982,-0.17967137032415798,0.08738685402334607,-0.09355644776536509,-0.05474830490828969,-0.1492855271181586,-0.3371099866647254,25
0.7932320292476793,-0.07722280770687599,0.2241714361872907,0.6622868687994045,0.4740454319788665,0.6836953565744914,-0.7325378727365432,-0.49000513404698204,-0.7153142734922925,-0.7208660472393676,-0.7369875750751592,-0.7142795615560049,-0.4839612046327568,-0.7039294335004354,25
0.8016933850663437,-0.07125028378363564,0.26093630713980337,0.6873588452247021,0.48927908528173664,0.6635767100954799,-0.6547978970273493,-0.47884735055881306,-0.8101851079222069,-0.7901741100919477,-0.7809852927560731,-0.7261025082189857,-0.5203813834384444,-0.95007963181354,25
0.53857406463708,-0.22954143395570606,-0.2339557231610834,0.7229138779950707,0.48927908528173664,1.0076654144069968,-0.8414034351668678,-0.500344025042421,-0.46035760779217616,-0.3063694573625845,-0.4366993294965371,-0.4254402454007213,-0.20130440583297443,-0.6149900157586429,25
0.6390526649837202,-0.17212813946778371,-0.06498068953532783,0.7017730476991756,0.4740454319788665,0.8748915552640456,-0.7922733489953213,-0.4964415461969345,-0.9965295822412522,-1.0353110702063666,-0.9221085364775946,-0.8237127558685544,-0.7378184394782903,-1.2237301583694862,25
0.321655670013138,-0.2923492661807486,-0.5116892329750523,0.6351182811050922,0.4740454319788665,1.0927898476786038,-0.6184254331051675,-0.47254743654580905,-0.9692684883443086,-0.9308179166551518,-0.8647214752892836,-0.747043311348457,-0.7348147612517407,-1.2506311643903483,25
-0.10088328618141641,-0.3643278125588955,-0.8541965056788939,0.6543372177377251,0.48927908528173664,0.9805950159409578,-0.786644833521853,-0.49591414513850635,0.443602444482057,0.6479923331569194,0.48875986203431937,0.3890378210333538,0.6530725994576217,0.15885483726158897,26
-0.5495274481119635,-0.40501804006174513,-1.1166198533552565,0.6135406567948191,0.48927908528173664,0.9428437799849178,-0.6886001440128457,-0.48408668271733424,2.3656070247156884,1.617416895764752,1.7408345781664996,0.7735578799428078,3.7631330308932176,1.901855093699219,26
0.36102982010112766,-0.2830629547904202,-0.4779966353611894,0.7042190941796929,0.48927908528173664,1.067791163380885,-0.7761536752984742,-0.4948870857622579,0.3558879952733014,0.4185747275039104,0.23728192579424562,0.042975443029243554,0.6166292083008789,0.348583129248316,26
0.17064931418117793,-0.29824472527917284,-0.5492221722622277,0.629964111735432,0.48927908528173664,1.0129597950593683,-0.7139518292519681,-0.48762388214481905,-0.8595836580480267,-0.656868577110237,-0.6947736470404183,-0.5285741737312345,-0.6171072502856723,-1.238935819315715,26
-0.12439239410940992,-0.37993343958413617,-0.9687410966548984,0.6855243103643142,0.4434910759256817,1.2119824694959065,-0.8037328818827237,-0.4974641744410025,0.770484958533353,0.7914748929213853,0.6549799339613862,0.3854247285331471,0.8926472746988598,0.6526963481728892,26
0.4810753057784288,-0.2197927336164817,-0.20937753645188248,0.6476105899163034,0.4740454319788665,0.5630295157930513,-0.7770493569582282,-0.4949776349850748,0.46067195475664985,0.33727438071946825,0.15253371566585955,-0.1771961989074482,1.3457755796484,0.5532088593242535,26
-0.14939185448273706,-0.3854435745584804,-0.9416538867191335,0.6903290445224726,0.48927908528173664,1.1669111768118046,-0.7857179977174119,-0.49582581148177973,0.9002188057916362,0.9249156046269654,0.8155938098576232,0.54069312246874,1.4555932124907893,0.6312919831021846,26
0.009066263575887959,-0.35068733856646295,-0.8023262908113515,0.6620247923907778,0.45872472922855184,1.173908966891461,-0.6178802355731434,-0.47245014429576115,-0.297097348836324,-0.1966815785655231,-0.3467089620406219,-0.39874876101437606,-0.06103216840609715,-0.29686978033180034,26
0.05199802917854318,-0.3566983949021112,-0.8425730715476677,0.7224770839806928,0.48927908528173664,1.288866084186866,-0.5101907421047568,-0.449730958975165,0.8392363791988824,0.8472843946332705,0.7215262089247411,0.42846025438639684,1.0686897451018778,0.6667376116592716,26
-0.3301091074506885,-0.3998161643866649,-1.074734526838327,0.6616753571792751,0.48927908528173664,1.2410785440376348,-0.755158377958097,-0.49266092348640894,1.512688428123884,1.1676579702042653,1.1229152831840135,0.5290593429523669,2.330234600252618,1.3708556050251754,26
0.000652983642556722,-0.33569823013975036,-0.731561594911111,0.6275180652549156,0.4740454319788665,1.1059107040779594,-0.6067166670602682,-0.4703732919085996,1.9108841816747424,1.3194443658635795,1.3245927248125615,0.5073807879511255,3.365273333806228,1.6583590366548817,26
1.3262012940528707,3.048603551655026,2.0089062231647765,0.020636461678118924,0.3060399984100734,-1.6753885859369806,-0.3000560361903109,-0.3880274433630901,-0.7747651779560046,-0.6774350543846861,-0.708512467702984,-0.5749768747941012,-0.7379321799984608,-0.7275598525384934,27
1.3261051422822039,2.8995987128732836,2.0073188819398076,0.09602710855976235,0.32127365171294353,-1.6578480726452107,-0.34914977585972246,-0.4045093284949705,-0.8622568603096269,-0.8098908925306447,-0.7931733085425782,-0.6659284388830791,-0.7816503219759192,-0.8390337858267237,27
1.3309608067008696,3.437395592851762,2.049409026679314,0.12223474942244252,-0.060525224780697606,-1.7811380847065224,-0.4509199818375613,-0.4346516235073417,-0.8542929452386097,-0.753540675923281,-0.7579634851593413,-0.5827894779489988,-0.7909282986927028,-0.827715157577335,27
1.3391817830928674,5.545503875693527,2.188480599808875,-0.42672796784783085,-0.38121538916796915,-2.01046763552094,-0.03893238013798862,-0.27935874308679354,-1.0861375497186412,-1.1172100656250878,-0.9642059721272792,-0.7987616092309998,-0.8576939840329191,-1.274586929777481,27
1.3371625959088682,4.865792120816379,2.1654897543246436,-0.20492396734668106,0.12271386209096562,-1.88716381203184,-0.13449771896564813,-0.3232462174648457,-1.104376585982684,-1.3461448901214197,-1.0683064797231268,-0.957972246501897,-0.7971956334776203,-1.1247906212666607,27
1.3233648168182048,3.0582366547570268,2.0066020181607893,0.1501895663426345,0.4740454319788665,-1.6197285319481365,-0.5373467715570067,-0.45603279956737786,-0.8617277890286851,-1.0210400592149882,-0.9145219699008094,-0.881824903306437,-0.50373812773183,-0.7662589445863276,27
1.3230282856208717,3.1965680153017524,2.021297725630666,0.1895883864395304,0.45872472922855184,-1.6061472946224877,-0.22777842051625397,-0.3615080805529983,-0.9352130053657982,-1.0606667365550533,-0.9354177914702656,-0.8729718808451971,-0.5944984203578585,-0.9768094029138361,27
1.3236532721302046,3.0751909162165467,1.9974364027004834,0.5359660398412859,0.39761601712218225,-1.522588156500277,-0.7690349532374733,-0.49415787553170076,-0.8378360438156337,-0.8525880580271771,-0.8190637411213187,-0.7587338410088125,-0.6770067221837456,-0.853742865503312,27
1.3242301827542045,3.1557236581492707,2.008342973052691,-0.1353863602577034,0.12271386209096562,-1.7106077267984086,-0.3039762660634369,-0.38939531460138754,-1.0181658130460787,-1.1416581033992217,-0.9762702147546619,-0.8786090618141064,-0.7494292574761264,-1.0973587869920454,27
1.3235090444742048,2.9156667288474205,1.9945177430287655,0.10292845398693441,0.29071929565975874,-1.6978551751400874,-0.10944459427977705,-0.3121972857019779,-0.9492194713823073,-1.04066028542235,-0.9249480383633394,-0.8443698082781141,-0.7327395770674014,-0.9643435006966578,27
1.340624059652867,6.395528893414041,2.225245470761388,-0.46437961188721494,-0.32010667706159956,-2.0489278581034718,0.9269239905236285,0.43090358095116166,-1.2121261292249952,-1.4762640674690606,-1.1185292592304814,-0.978826032743929,-0.8688405550096503,-1.408133044326622,27
0.9184697105409795,0.04184234663384887,0.4958628084352477,0.6090853578481634,0.4740454319788665,0.12405630257251155,-0.45756619937080795,-0.4364375624339639,1.3915589506451258,0.8822377503767005,0.7636090830262936,0.2901223200721922,1.6484878497599185,2.0926107952093402,28
0.8848646666929881,0.006854916167383551,0.4298089316542705,0.7158378149621473,0.48927908528173664,0.38237604031561034,-0.7955549189023617,-0.49674132192183457,1.0490549108776042,0.8212142121727011,0.6902916881815473,0.24426820373448777,1.3433150704365437,1.2518473352320567,28
0.9023642889543166,0.05463510755330535,0.5641696856645684,0.5609506574637074,0.4740454319788665,0.11742681723388988,-0.14618052322330818,-0.3282842220960401,0.7808157714401619,0.726009768075956,0.578313383046274,0.2808531298884154,0.7231971119955328,0.9117747829886997,28
0.9481806076769713,0.08076008316593043,0.5910520773777566,0.7056168350257019,0.48927908528173664,0.22110460183511216,-0.7928548930294803,-0.4964949124410202,0.8587841707368334,0.8542364432894224,0.7297534836193352,0.48710206983478105,0.5868013371948825,0.947049176625221,28
0.9458729651809717,0.0889674870088348,0.6120971497475095,0.6824667522636685,0.48927908528173664,-0.06925764837799127,-0.5161100295953045,-0.45113832508724433,1.4572751729094635,1.0904129851359121,1.0230230629983212,0.4295574238367212,2.3998716534183693,1.387636627240608,28
0.838182982034334,-0.00767180331043306,0.4069204952813274,0.6981039779784005,0.48927908528173664,0.3531418514959941,-0.5170186921486781,-0.45135024880022,1.3832051935776255,1.2155498609466446,1.1858211711143622,0.735440699901358,1.8385970049024185,1.1384898178176044,28
1.0510149264049442,0.22333000907553624,0.8159936903225881,0.7265829477158466,0.48927908528173664,0.005093871218356009,-0.7712027624719503,-0.4943832852991385,0.6945771526466645,1.074384650734229,1.0025640878728261,1.1358129656965363,0.7782800210496418,0.13830664679371238,28
0.8428944187969992,-0.020310434580257546,0.3442973237285092,0.7320865522970087,0.48927908528173664,0.49305161499648864,-0.7672228204881741,-0.4939681074796271,0.604078117748742,0.6674966918866783,0.510966222935658,0.2748565313409514,1.0542052380434015,0.4201593260447525,28
0.9481325317916383,0.08099127764037842,0.6135820818611905,0.4880060570625813,0.42817037317536705,0.039069983578791836,-0.6563815660489432,-0.4791055121728016,1.3884959063870423,1.154719435205316,1.1060238873508645,0.574686458714142,2.385479995764114,1.0878042813301756,28
0.9879393648476275,0.1397917389749888,0.7044189635739448,0.6276054240577907,0.48927908528173664,-0.21685577334758238,-0.5688124576909711,-0.4628461469395456,1.3254528863843054,1.1363737512515821,1.0821429484143432,0.6152438949468311,2.1877107647733824,1.0970509670407198,28
0.9555362181329695,0.14302846161726093,0.6826058228695295,0.3867572045297605,0.1074802087880955,-0.08919214248648587,0.19970836816514778,-0.14901602671071265,-0.2784963164326894,0.16289382692766127,-0.021549592252500843,0.2072481931433626,-0.459588236024744,-0.5664449157782846,28
-1.5813320991356894,-0.5154519340230775,1.1252180018577203,-1.6068580358943179,-2.1679923474234357,-1.619130036743955,1.0054324351351043,0.5099222272029531,0.21905345450764255,0.6360193604713245,0.47521762227153613,0.6834764847282253,-0.32477090109585055,0.07118255793198204,29
-1.195234664023792,-0.5029674324028851,1.5250231723273866,-2.1403582450556096,-4.092307432641956,-2.013022749661867,1.535572130560479,1.1276798505270287,1.3163194453238378,1.6624120995670677,1.8062159292792925,2.065758658419946,0.44982525361785053,0.7340329354415671,29
-1.6882047922316608,-0.5373768766832304,1.3184127903031675,-1.3979831382187573,-1.4808240092928378,-1.4200613242147877,0.9824562534283728,0.486514289815186,0.6443989185278781,1.0697499516301279,0.9966666608793556,1.2269915303614436,-0.09359909693661325,0.3278637038598738,29
-2.740297466866048,-0.5334465706176142,1.3495963646904656,-1.4817602301764579,-2.4428945024546533,-1.6685749482278418,1.1180546681789472,0.628984822311102,1.4647935542702142,1.0826884866290771,1.0131212102685443,0.3951290031541214,2.4240124985158302,1.4295891827791893,29
-0.18828524571739305,-0.48304617518794823,1.401415375002364,-1.478091160455683,-2.9926988125170877,-1.799829550314025,0.9113209563928424,0.4155583775525143,1.153476874221361,1.1581954595333923,1.1105379672717923,0.93151244736023,0.47958348767068154,1.1886616495433364,29
-1.656859314994336,-0.500347228359141,1.5540049508219858,-1.9135747927905509,-3.099595533979511,-1.8691629178137767,1.415317132068298,0.9748057903032166,1.7691487700961503,1.62359649457022,1.749789930267695,1.4029169767065963,1.0053432390720998,1.4819870684722742,29
-2.1115610384768817,-0.5222336386068859,1.2259885673654436,-1.595501391520489,-1.9999869138546424,-1.815620616085881,1.0813447010226553,0.5894899485292725,2.5026086406226975,1.8107224708983056,2.0253672286662705,1.1490546659590748,2.6187641238693797,2.128912598369255,29
-1.7615685932503082,-0.5422704930590467,1.3707950507271514,-1.7191140975894637,-2.855247735001479,-1.824045587037046,1.360875264227602,0.9079534917554372,1.2897266519922945,1.5930847254682206,1.7059596703902993,1.92861247712937,0.15240539954692908,0.9090350242596494,29
-0.5767864750959566,-0.4999619042350609,1.0320769151409779,-2.124109507720748,-4.076986729891641,-1.720736107176858,1.9737551755844494,1.7489053164270698,-0.026658386704439836,0.21851021617687544,0.032837790020613065,0.04961520987517362,-0.2847760202276543,-0.017174661079886997,29
-1.1918212761651263,-0.5202299531616698,1.7426425338151017,-3.2163566200743805,-4.764242117469684,-2.08486979701918,2.4644329544061723,2.5624997163327525,0.8537719164963331,1.2221156846774541,1.1943396767715968,1.4299678786714964,-0.13619376112299744,0.6843748084775323,29